# Weekly Chicken Pox Data in Ontario Canada; 1924 to 1958; 1826 weeks total,,,
# Data extracted from Statistics Canada -  Health Statistics Division archives - except Ontario data: 1939-58; which were obtained from the Ontario Ministry of Health (Toronto). These data were reported to Statistics Canada.,,,
# Access to government databases provided by: Richard Trudeau (Health Statistics Division Chief); and Glen Gagnon (Reference Librarian); both at Statistics Canada; and Angie Fazzone (Data clerk); at the Ontario Ministry of Health.,,,
# This data file is available online from the International Infectious Disease Data Archive (IIDDA) at http://iidda.mcmaster.ca,,,
# Please acknowledge IIDDA in any publication or presentation in which data downloaded from IIDDA are used.,,,
# The first publication that made use of this data file was: C. T. Bauch and D. J. D. Earn (2003) 'Transients and Attractors in Epidemics' Proceedings of the Royal Society of London Series B 270:1573-1578,,,
# See the IIDDA website for a list of all papers that have used this data file.,,,
year,month,day,cases
1924,1,5,
1924,1,12,
1924,1,19,
1924,1,26,
1924,2,2,
1924,2,9,
1924,2,16,
1924,2,23,
1924,3,1,
1924,3,8,
1924,3,15,
1924,3,22,
1924,3,29,
1924,4,5,
1924,4,12,
1924,4,19,
1924,4,26,
1924,5,3,
1924,5,10,
1924,5,17,
1924,5,24,
1924,5,31,
1924,6,7,
1924,6,14,
1924,6,21,
1924,6,28,
1924,7,5,56
1924,7,12,47
1924,7,19,30
1924,7,26,46
1924,8,2,52
1924,8,9,24
1924,8,16,24
1924,8,23,21
1924,8,30,17
1924,9,6,36
1924,9,13,16
1924,9,20,19
1924,9,27,25
1924,10,4,43
1924,10,11,91
1924,10,18,123
1924,10,25,123
1924,11,1,115
1924,11,8,90
1924,11,15,442
1924,11,22,209
1924,11,29,245
1924,12,6,275
1924,12,13,282
1924,12,20,190
1924,12,27,109
1925,1,3,157
1925,1,10,247
1925,1,17,171
1925,1,24,230
1925,1,31,122
1925,2,7,159
1925,2,14,105
1925,2,21,159
1925,2,28,111
1925,3,7,130
1925,3,14,95
1925,3,21,92
1925,3,28,62
1925,4,4,53
1925,4,11,57
1925,4,18,33
1925,4,25,62
1925,5,2,53
1925,5,9,51
1925,5,16,88
1925,5,23,52
1925,5,30,119
1925,6,6,116
1925,6,13,140
1925,6,20,159
1925,6,27,42
1925,7,4,95
1925,7,11,89
1925,7,18,89
1925,7,25,57
1925,8,1,53
1925,8,8,23
1925,8,15,29
1925,8,22,7
1925,8,29,21
1925,9,5,28
1925,9,12,19
1925,9,19,10
1925,9,26,31
1925,10,3,38
1925,10,10,62
1925,10,17,52
1925,10,24,26
1925,10,31,282
1925,11,7,40
1925,11,14,172
1925,11,21,337
1925,11,28,310
1925,12,5,101
1925,12,12,306
1925,12,19,70
1925,12,26,120
1926,1,2,117
1926,1,9,98
1926,1,16,239
1926,1,23,267
1926,1,30,289
1926,2,6,153
1926,2,13,142
1926,2,20,158
1926,2,27,332
1926,3,6,63
1926,3,13,172
1926,3,20,173
1926,3,27,232
1926,4,3,87
1926,4,10,52
1926,4,17,140
1926,4,24,116
1926,5,1,72
1926,5,8,119
1926,5,15,48
1926,5,22,82
1926,5,29,92
1926,6,5,106
1926,6,12,167
1926,6,19,115
1926,6,26,66
1926,7,3,167
1926,7,10,109
1926,7,17,75
1926,7,24,70
1926,7,31,82
1926,8,7,58
1926,8,14,39
1926,8,21,16
1926,8,28,23
1926,9,4,4
1926,9,11,25
1926,9,18,24
1926,9,25,70
1926,10,2,37
1926,10,9,53
1926,10,16,119
1926,10,23,137
1926,10,30,198
1926,11,6,228
1926,11,13,281
1926,11,20,364
1926,11,27,654
1926,12,4,227
1926,12,11,453
1926,12,18,300
1926,12,25,267
1927,1,1,142
1927,1,8,169
1927,1,15,286
1927,1,22,285
1927,1,29,391
1927,2,5,167
1927,2,12,108
1927,2,19,180
1927,2,26,186
1927,3,5,170
1927,3,12,139
1927,3,19,124
1927,3,26,135
1927,4,2,135
1927,4,9,68
1927,4,16,136
1927,4,23,140
1927,4,30,144
1927,5,7,178
1927,5,14,110
1927,5,21,195
1927,5,28,136
1927,6,4,192
1927,6,11,197
1927,6,18,271
1927,6,25,191
1927,7,2,90
1927,7,9,176
1927,7,16,90
1927,7,23,113
1927,7,30,81
1927,8,6,64
1927,8,13,35
1927,8,20,41
1927,8,27,29
1927,9,3,25
1927,9,10,43
1927,9,17,51
1927,9,24,31
1927,10,1,43
1927,10,8,103
1927,10,15,91
1927,10,22,136
1927,10,29,198
1927,11,5,227
1927,11,12,215
1927,11,19,315
1927,11,26,323
1927,12,3,314
1927,12,10,302
1927,12,17,283
1927,12,24,232
1927,12,31,175
1928,1,7,258
1928,1,14,252
1928,1,21,263
1928,1,28,368
1928,2,4,222
1928,2,11,197
1928,2,18,175
1928,2,25,345
1928,3,3,278
1928,3,10,174
1928,3,17,195
1928,3,24,244
1928,3,31,135
1928,4,7,164
1928,4,14,97
1928,4,21,150
1928,4,28,130
1928,5,5,99
1928,5,12,135
1928,5,19,108
1928,5,26,205
1928,6,2,149
1928,6,9,249
1928,6,16,161
1928,6,23,279
1928,6,30,205
1928,7,7,125
1928,7,14,143
1928,7,21,56
1928,7,28,74
1928,8,4,50
1928,8,11,25
1928,8,18,52
1928,8,25,15
1928,9,1,23
1928,9,8,14
1928,9,15,19
1928,9,22,21
1928,9,29,51
1928,10,6,58
1928,10,13,100
1928,10,20,113
1928,10,27,140
1928,11,3,209
1928,11,10,171
1928,11,17,235
1928,11,24,195
1928,12,1,573
1928,12,8,362
1928,12,15,289
1928,12,22,170
1928,12,29,98
1929,1,5,168
1929,1,12,237
1929,1,19,210
1929,1,26,158
1929,2,2,131
1929,2,9,162
1929,2,16,133
1929,2,23,137
1929,3,2,110
1929,3,9,161
1929,3,16,175
1929,3,23,219
1929,3,30,110
1929,4,6,125
1929,4,13,151
1929,4,20,145
1929,4,27,172
1929,5,4,142
1929,5,11,124
1929,5,18,196
1929,5,25,114
1929,6,1,161
1929,6,8,261
1929,6,15,245
1929,6,22,456
1929,6,29,243
1929,7,6,220
1929,7,13,101
1929,7,20,118
1929,7,27,108
1929,8,3,90
1929,8,10,42
1929,8,17,31
1929,8,24,38
1929,8,31,27
1929,9,7,39
1929,9,14,61
1929,9,21,58
1929,9,28,38
1929,10,5,44
1929,10,12,123
1929,10,19,153
1929,10,26,267
1929,11,2,296
1929,11,9,326
1929,11,16,458
1929,11,23,467
1929,11,30,518
1929,12,7,511
1929,12,14,378
1929,12,21,406
1929,12,28,255
1930,1,4,268
1930,1,11,307
1930,1,18,340
1930,1,25,268
1930,2,1,152
1930,2,8,154
1930,2,15,266
1930,2,22,223
1930,3,1,213
1930,3,8,322
1930,3,15,242
1930,3,22,211
1930,3,29,201
1930,4,5,323
1930,4,12,181
1930,4,19,180
1930,4,26,152
1930,5,3,142
1930,5,10,202
1930,5,17,144
1930,5,24,189
1930,5,31,144
1930,6,7,264
1930,6,14,180
1930,6,21,231
1930,6,28,161
1930,7,5,276
1930,7,12,89
1930,7,19,121
1930,7,26,70
1930,8,2,31
1930,8,9,93
1930,8,16,55
1930,8,23,29
1930,8,30,10
1930,9,6,27
1930,9,13,22
1930,9,20,27
1930,9,27,26
1930,10,4,38
1930,10,11,85
1930,10,18,90
1930,10,25,167
1930,11,1,161
1930,11,8,163
1930,11,15,212
1930,11,22,350
1930,11,29,479
1930,12,6,384
1930,12,13,343
1930,12,20,339
1930,12,27,130
1931,1,3,238
1931,1,10,483
1931,1,17,232
1931,1,24,604
1931,1,31,270
1931,2,7,155
1931,2,14,343
1931,2,21,261
1931,2,28,269
1931,3,7,230
1931,3,14,307
1931,3,21,172
1931,3,28,263
1931,4,4,151
1931,4,11,213
1931,4,18,33
1931,4,25,299
1931,5,2,261
1931,5,9,224
1931,5,16,146
1931,5,23,249
1931,5,30,201
1931,6,6,208
1931,6,13,284
1931,6,20,158
1931,6,27,162
1931,7,4,122
1931,7,11,84
1931,7,18,85
1931,7,25,37
1931,8,1,56
1931,8,8,59
1931,8,15,30
1931,8,22,15
1931,8,29,13
1931,9,5,13
1931,9,12,33
1931,9,19,38
1931,9,26,42
1931,10,3,33
1931,10,10,77
1931,10,17,58
1931,10,24,72
1931,10,31,84
1931,11,7,108
1931,11,14,114
1931,11,21,282
1931,11,28,204
1931,12,5,313
1931,12,12,170
1931,12,19,235
1931,12,26,180
1932,1,2,199
1932,1,9,245
1932,1,16,309
1932,1,23,245
1932,1,30,196
1932,2,6,231
1932,2,13,257
1932,2,20,201
1932,2,27,205
1932,3,5,275
1932,3,12,241
1932,3,19,166
1932,3,26,112
1932,4,2,96
1932,4,9,181
1932,4,16,93
1932,4,23,107
1932,4,30,127
1932,5,7,126
1932,5,14,152
1932,5,21,165
1932,5,28,170
1932,6,4,260
1932,6,11,218
1932,6,18,293
1932,6,25,199
1932,7,2,183
1932,7,9,69
1932,7,16,100
1932,7,23,83
1932,7,30,45
1932,8,6,29
1932,8,13,30
1932,8,20,52
1932,8,27,58
1932,9,3,30
1932,9,10,36
1932,9,17,10
1932,9,24,26
1932,10,1,76
1932,10,8,72
1932,10,15,118
1932,10,22,198
1932,10,29,238
1932,11,5,251
1932,11,12,272
1932,11,19,328
1932,11,26,289
1932,12,3,331
1932,12,10,370
1932,12,17,334
1932,12,24,261
1932,12,31,210
1933,1,7,248
1933,1,14,434
1933,1,21,320
1933,1,28,282
1933,2,4,239
1933,2,11,274
1933,2,18,350
1933,2,25,395
1933,3,4,280
1933,3,11,335
1933,3,18,222
1933,3,25,389
1933,4,1,273
1933,4,8,237
1933,4,15,287
1933,4,22,190
1933,4,29,309
1933,5,6,196
1933,5,13,237
1933,5,20,183
1933,5,27,241
1933,6,3,255
1933,6,10,290
1933,6,17,249
1933,6,24,298
1933,7,1,243
1933,7,8,192
1933,7,15,121
1933,7,22,93
1933,7,29,79
1933,8,5,52
1933,8,12,28
1933,8,19,26
1933,8,26,27
1933,9,2,22
1933,9,9,36
1933,9,16,27
1933,9,23,29
1933,9,30,51
1933,10,7,57
1933,10,14,46
1933,10,21,97
1933,10,28,109
1933,11,4,143
1933,11,11,180
1933,11,18,320
1933,11,25,265
1933,12,2,285
1933,12,9,270
1933,12,16,221
1933,12,23,174
1933,12,30,209
1934,1,6,254
1934,1,13,315
1934,1,20,294
1934,1,27,321
1934,2,3,268
1934,2,10,220
1934,2,17,216
1934,2,24,228
1934,3,3,217
1934,3,10,159
1934,3,17,291
1934,3,24,261
1934,3,31,155
1934,4,7,124
1934,4,14,233
1934,4,21,224
1934,4,28,126
1934,5,5,165
1934,5,12,156
1934,5,19,176
1934,5,26,148
1934,6,2,147
1934,6,9,316
1934,6,16,253
1934,6,23,216
1934,6,30,261
1934,7,7,167
1934,7,14,163
1934,7,21,118
1934,7,28,90
1934,8,4,75
1934,8,11,46
1934,8,18,28
1934,8,25,28
1934,9,1,20
1934,9,8,32
1934,9,15,60
1934,9,22,60
1934,9,29,149
1934,10,6,102
1934,10,13,128
1934,10,20,159
1934,10,27,181
1934,11,3,345
1934,11,10,174
1934,11,17,479
1934,11,24,478
1934,12,1,438
1934,12,8,480
1934,12,15,475
1934,12,22,287
1934,12,29,323
1935,1,5,171
1935,1,12,426
1935,1,19,332
1935,1,26,303
1935,2,2,405
1935,2,9,339
1935,2,16,430
1935,2,23,264
1935,3,2,254
1935,3,9,263
1935,3,16,239
1935,3,23,211
1935,3,30,253
1935,4,6,183
1935,4,13,196
1935,4,20,211
1935,4,27,166
1935,5,4,158
1935,5,11,224
1935,5,18,193
1935,5,25,216
1935,6,1,352
1935,6,8,249
1935,6,15,276
1935,6,22,334
1935,6,29,259
1935,7,6,265
1935,7,13,126
1935,7,20,243
1935,7,27,230
1935,8,3,99
1935,8,10,33
1935,8,17,32
1935,8,24,33
1935,8,31,36
1935,9,7,8
1935,9,14,29
1935,9,21,45
1935,9,28,54
1935,10,5,104
1935,10,12,176
1935,10,19,201
1935,10,26,367
1935,11,2,434
1935,11,9,478
1935,11,16,533
1935,11,23,550
1935,11,30,470
1935,12,7,544
1935,12,14,506
1935,12,21,389
1935,12,28,224
1936,1,4,325
1936,1,11,428
1936,1,18,551
1936,1,25,384
1936,2,1,257
1936,2,8,217
1936,2,15,337
1936,2,22,210
1936,2,29,183
1936,3,7,360
1936,3,14,214
1936,3,21,246
1936,3,28,218
1936,4,4,190
1936,4,11,192
1936,4,18,128
1936,4,25,291
1936,5,2,145
1936,5,9,136
1936,5,16,198
1936,5,23,174
1936,5,30,250
1936,6,6,172
1936,6,13,227
1936,6,20,194
1936,6,27,148
1936,7,4,189
1936,7,11,72
1936,7,18,120
1936,7,25,91
1936,8,1,33
1936,8,8,52
1936,8,15,31
1936,8,22,40
1936,8,29,35
1936,9,5,33
1936,9,12,41
1936,9,19,71
1936,9,26,121
1936,10,3,75
1936,10,10,124
1936,10,17,194
1936,10,24,229
1936,10,31,220
1936,11,7,303
1936,11,14,353
1936,11,21,397
1936,11,28,428
1936,12,5,494
1936,12,12,543
1936,12,19,341
1936,12,26,296
1937,1,2,309
1937,1,9,553
1937,1,16,519
1937,1,23,458
1937,1,30,368
1937,2,6,376
1937,2,13,441
1937,2,20,337
1937,2,27,413
1937,3,6,327
1937,3,13,264
1937,3,20,291
1937,3,27,238
1937,4,3,281
1937,4,10,357
1937,4,17,351
1937,4,24,305
1937,5,1,296
1937,5,8,324
1937,5,15,340
1937,5,22,256
1937,5,29,301
1937,6,5,302
1937,6,12,337
1937,6,19,248
1937,6,26,275
1937,7,3,187
1937,7,10,111
1937,7,17,95
1937,7,24,59
1937,7,31,33
1937,8,7,53
1937,8,14,29
1937,8,21,44
1937,8,28,25
1937,9,4,19
1937,9,11,32
1937,9,18,15
1937,9,25,27
1937,10,2,49
1937,10,9,52
1937,10,16,63
1937,10,23,114
1937,10,30,135
1937,11,6,131
1937,11,13,180
1937,11,20,187
1937,11,27,231
1937,12,4,302
1937,12,11,321
1937,12,18,226
1937,12,25,208
1938,1,1,196
1938,1,8,372
1938,1,15,312
1938,1,22,377
1938,1,29,324
1938,2,5,281
1938,2,12,228
1938,2,19,286
1938,2,26,291
1938,3,5,238
1938,3,12,305
1938,3,19,253
1938,3,26,209
1938,4,2,281
1938,4,9,305
1938,4,16,190
1938,4,23,175
1938,4,30,260
1938,5,7,206
1938,5,14,233
1938,5,21,202
1938,5,28,225
1938,6,4,345
1938,6,11,293
1938,6,18,340
1938,6,25,289
1938,7,2,269
1938,7,9,183
1938,7,16,138
1938,7,23,91
1938,7,30,62
1938,8,6,79
1938,8,13,33
1938,8,20,35
1938,8,27,12
1938,9,3,10
1938,9,10,13
1938,9,17,19
1938,9,24,59
1938,10,1,54
1938,10,8,37
1938,10,15,114
1938,10,22,153
1938,10,29,131
1938,11,5,199
1938,11,12,205
1938,11,19,274
1938,11,26,279
1938,12,3,220
1938,12,10,380
1938,12,17,312
1938,12,24,244
1938,12,31,260
1939,1,7,452
1939,1,14,490
1939,1,21,511
1939,1,28,384
1939,2,4,355
1939,2,11,363
1939,2,18,354
1939,2,25,308
1939,3,4,271
1939,3,11,239
1939,3,18,166
1939,3,25,236
1939,4,1,139
1939,4,8,162
1939,4,15,108
1939,4,22,134
1939,4,29,167
1939,5,6,104
1939,5,13,146
1939,5,20,115
1939,5,27,112
1939,6,3,166
1939,6,10,274
1939,6,17,215
1939,6,24,197
1939,7,1,145
1939,7,8,269
1939,7,15,98
1939,7,22,102
1939,7,29,77
1939,8,5,117
1939,8,12,41
1939,8,19,52
1939,8,26,30
1939,9,2,20
1939,9,9,35
1939,9,16,32
1939,9,23,27
1939,9,30,59
1939,10,7,84
1939,10,14,136
1939,10,21,182
1939,10,28,146
1939,11,4,205
1939,11,11,281
1939,11,18,330
1939,11,25,380
1939,12,2,457
1939,12,9,501
1939,12,16,529
1939,12,23,270
1939,12,30,358
1940,1,6,421
1940,1,13,597
1940,1,20,392
1940,1,27,454
1940,2,3,408
1940,2,10,526
1940,2,17,459
1940,2,24,525
1940,3,2,451
1940,3,9,430
1940,3,16,484
1940,3,23,309
1940,3,30,374
1940,4,6,423
1940,4,13,339
1940,4,20,352
1940,4,27,320
1940,5,4,233
1940,5,11,434
1940,5,18,332
1940,5,25,300
1940,6,1,432
1940,6,8,439
1940,6,15,463
1940,6,22,402
1940,6,29,204
1940,7,6,301
1940,7,13,204
1940,7,20,156
1940,7,27,151
1940,8,3,160
1940,8,10,102
1940,8,17,77
1940,8,24,59
1940,8,31,25
1940,9,7,38
1940,9,14,43
1940,9,21,41
1940,9,28,100
1940,10,5,97
1940,10,12,91
1940,10,19,163
1940,10,26,213
1940,11,2,251
1940,11,9,311
1940,11,16,248
1940,11,23,456
1940,11,30,415
1940,12,7,534
1940,12,14,484
1940,12,21,398
1940,12,28,372
1941,1,4,311
1941,1,11,454
1941,1,18,501
1941,1,25,343
1941,2,1,334
1941,2,8,307
1941,2,15,400
1941,2,22,210
1941,3,1,413
1941,3,8,294
1941,3,15,242
1941,3,22,301
1941,3,29,193
1941,4,5,147
1941,4,12,174
1941,4,19,215
1941,4,26,205
1941,5,3,164
1941,5,10,120
1941,5,17,207
1941,5,24,130
1941,5,31,216
1941,6,7,292
1941,6,14,239
1941,6,21,360
1941,6,28,184
1941,7,5,159
1941,7,12,126
1941,7,19,83
1941,7,26,61
1941,8,2,70
1941,8,9,63
1941,8,16,26
1941,8,23,24
1941,8,30,15
1941,9,6,31
1941,9,13,37
1941,9,20,50
1941,9,27,97
1941,10,4,68
1941,10,11,99
1941,10,18,211
1941,10,25,145
1941,11,1,347
1941,11,8,229
1941,11,15,457
1941,11,22,513
1941,11,29,336
1941,12,6,728
1941,12,13,497
1941,12,20,541
1941,12,27,288
1942,1,3,321
1942,1,10,496
1942,1,17,455
1942,1,24,566
1942,1,31,551
1942,2,7,335
1942,2,14,297
1942,2,21,427
1942,2,28,308
1942,3,7,288
1942,3,14,372
1942,3,21,276
1942,3,28,273
1942,4,4,194
1942,4,11,186
1942,4,18,296
1942,4,25,255
1942,5,2,286
1942,5,9,286
1942,5,16,264
1942,5,23,258
1942,5,30,295
1942,6,6,320
1942,6,13,318
1942,6,20,248
1942,6,27,270
1942,7,4,222
1942,7,11,138
1942,7,18,72
1942,7,25,113
1942,8,1,105
1942,8,8,71
1942,8,15,53
1942,8,22,25
1942,8,29,35
1942,9,5,27
1942,9,12,32
1942,9,19,63
1942,9,26,50
1942,10,3,64
1942,10,10,61
1942,10,17,119
1942,10,24,169
1942,10,31,199
1942,11,7,231
1942,11,14,291
1942,11,21,366
1942,11,28,448
1942,12,5,405
1942,12,12,394
1942,12,19,432
1942,12,26,302
1943,1,2,435
1943,1,9,423
1943,1,16,535
1943,1,23,414
1943,1,30,349
1943,2,6,342
1943,2,13,349
1943,2,20,283
1943,2,27,304
1943,3,6,242
1943,3,13,233
1943,3,20,210
1943,3,27,169
1943,4,3,211
1943,4,10,209
1943,4,17,267
1943,4,24,216
1943,5,1,187
1943,5,8,340
1943,5,15,259
1943,5,22,257
1943,5,29,303
1943,6,5,327
1943,6,12,406
1943,6,19,336
1943,6,26,151
1943,7,3,236
1943,7,10,112
1943,7,17,89
1943,7,24,130
1943,7,31,63
1943,8,7,61
1943,8,14,77
1943,8,21,34
1943,8,28,34
1943,9,4,24
1943,9,11,17
1943,9,18,37
1943,9,25,26
1943,10,2,70
1943,10,9,101
1943,10,16,135
1943,10,23,147
1943,10,30,275
1943,11,6,265
1943,11,13,441
1943,11,20,401
1943,11,27,575
1943,12,4,693
1943,12,11,490
1943,12,18,320
1943,12,25,418
1944,1,1,320
1944,1,8,412
1944,1,15,398
1944,1,22,379
1944,1,29,381
1944,2,5,391
1944,2,12,377
1944,2,19,343
1944,2,26,405
1944,3,4,472
1944,3,11,352
1944,3,18,434
1944,3,25,416
1944,4,1,402
1944,4,8,329
1944,4,15,201
1944,4,22,338
1944,4,29,348
1944,5,6,309
1944,5,13,337
1944,5,20,450
1944,5,27,266
1944,6,3,485
1944,6,10,339
1944,6,17,336
1944,6,24,202
1944,7,1,271
1944,7,8,204
1944,7,15,202
1944,7,22,86
1944,7,29,40
1944,8,5,64
1944,8,12,42
1944,8,19,27
1944,8,26,20
1944,9,2,18
1944,9,9,16
1944,9,16,44
1944,9,23,43
1944,9,30,75
1944,10,7,61
1944,10,14,77
1944,10,21,83
1944,10,28,260
1944,11,4,139
1944,11,11,232
1944,11,18,319
1944,11,25,380
1944,12,2,312
1944,12,9,389
1944,12,16,468
1944,12,23,496
1944,12,30,518
1945,1,6,183
1945,1,13,523
1945,1,20,187
1945,1,27,114
1945,2,3,372
1945,2,10,283
1945,2,17,330
1945,2,24,255
1945,3,3,258
1945,3,10,219
1945,3,17,362
1945,3,24,232
1945,3,31,274
1945,4,7,140
1945,4,14,271
1945,4,21,273
1945,4,28,247
1945,5,5,283
1945,5,12,284
1945,5,19,348
1945,5,26,231
1945,6,2,393
1945,6,9,375
1945,6,16,339
1945,6,23,382
1945,6,30,261
1945,7,7,203
1945,7,14,172
1945,7,21,104
1945,7,28,112
1945,8,4,50
1945,8,11,48
1945,8,18,60
1945,8,25,38
1945,9,1,34
1945,9,8,42
1945,9,15,37
1945,9,22,43
1945,9,29,35
1945,10,6,61
1945,10,13,128
1945,10,20,138
1945,10,27,151
1945,11,3,224
1945,11,10,260
1945,11,17,286
1945,11,24,406
1945,12,1,361
1945,12,8,381
1945,12,15,269
1945,12,22,308
1945,12,29,399
1946,1,5,353
1946,1,12,489
1946,1,19,503
1946,1,26,325
1946,2,2,642
1946,2,9,271
1946,2,16,231
1946,2,23,322
1946,3,2,280
1946,3,9,216
1946,3,16,212
1946,3,23,270
1946,3,30,247
1946,4,6,232
1946,4,13,192
1946,4,20,186
1946,4,27,207
1946,5,4,256
1946,5,11,277
1946,5,18,322
1946,5,25,232
1946,6,1,618
1946,6,8,311
1946,6,15,429
1946,6,22,357
1946,6,29,323
1946,7,6,246
1946,7,13,208
1946,7,20,198
1946,7,27,142
1946,8,3,118
1946,8,10,81
1946,8,17,72
1946,8,24,44
1946,8,31,44
1946,9,7,166
1946,9,14,65
1946,9,21,73
1946,9,28,103
1946,10,5,99
1946,10,12,111
1946,10,19,178
1946,10,26,198
1946,11,2,212
1946,11,9,295
1946,11,16,377
1946,11,23,382
1946,11,30,355
1946,12,7,425
1946,12,14,498
1946,12,21,501
1946,12,28,253
1947,1,4,370
1947,1,11,703
1947,1,18,577
1947,1,25,392
1947,2,1,322
1947,2,8,301
1947,2,15,291
1947,2,22,460
1947,3,1,348
1947,3,8,442
1947,3,15,325
1947,3,22,322
1947,3,29,334
1947,4,5,264
1947,4,12,186
1947,4,19,320
1947,4,26,330
1947,5,3,234
1947,5,10,285
1947,5,17,266
1947,5,24,247
1947,5,31,296
1947,6,7,374
1947,6,14,312
1947,6,21,287
1947,6,28,221
1947,7,5,280
1947,7,12,102
1947,7,19,148
1947,7,26,55
1947,8,2,120
1947,8,9,177
1947,8,16,76
1947,8,23,59
1947,8,30,29
1947,9,6,23
1947,9,13,43
1947,9,20,33
1947,9,27,33
1947,10,4,34
1947,10,11,54
1947,10,18,148
1947,10,25,163
1947,11,1,155
1947,11,8,226
1947,11,15,219
1947,11,22,341
1947,11,29,386
1947,12,6,453
1947,12,13,306
1947,12,20,489
1947,12,27,228
1948,1,3,452
1948,1,10,504
1948,1,17,423
1948,1,24,435
1948,1,31,555
1948,2,7,419
1948,2,14,381
1948,2,21,432
1948,2,28,394
1948,3,6,374
1948,3,13,301
1948,3,20,345
1948,3,27,264
1948,4,3,495
1948,4,10,232
1948,4,17,516
1948,4,24,224
1948,5,1,443
1948,5,8,284
1948,5,15,396
1948,5,22,340
1948,5,29,500
1948,6,5,430
1948,6,12,417
1948,6,19,561
1948,6,26,493
1948,7,3,284
1948,7,10,279
1948,7,17,232
1948,7,24,125
1948,7,31,111
1948,8,7,91
1948,8,14,56
1948,8,21,33
1948,8,28,83
1948,9,4,41
1948,9,11,57
1948,9,18,56
1948,9,25,62
1948,10,2,75
1948,10,9,92
1948,10,16,181
1948,10,23,258
1948,10,30,240
1948,11,6,321
1948,11,13,461
1948,11,20,466
1948,11,27,474
1948,12,4,655
1948,12,11,762
1948,12,18,636
1948,12,25,517
1949,1,1,608
1949,1,8,1045
1949,1,15,979
1949,1,22,873
1949,1,29,752
1949,2,5,785
1949,2,12,939
1949,2,19,771
1949,2,26,780
1949,3,5,593
1949,3,12,624
1949,3,19,687
1949,3,26,525
1949,4,2,601
1949,4,9,502
1949,4,16,597
1949,4,23,351
1949,4,30,581
1949,5,7,478
1949,5,14,546
1949,5,21,378
1949,5,28,312
1949,6,4,448
1949,6,11,379
1949,6,18,430
1949,6,25,384
1949,7,2,260
1949,7,9,122
1949,7,16,109
1949,7,23,77
1949,7,30,77
1949,8,6,120
1949,8,13,40
1949,8,20,18
1949,8,27,25
1949,9,3,21
1949,9,10,32
1949,9,17,25
1949,9,24,45
1949,10,1,56
1949,10,8,114
1949,10,15,113
1949,10,22,146
1949,10,29,141
1949,11,5,198
1949,11,12,207
1949,11,19,303
1949,11,26,315
1949,12,3,395
1949,12,10,196
1949,12,17,277
1949,12,24,335
1949,12,31,385
1950,1,7,517
1950,1,14,405
1950,1,21,406
1950,1,28,439
1950,2,4,352
1950,2,11,331
1950,2,18,274
1950,2,25,318
1950,3,4,326
1950,3,11,295
1950,3,18,244
1950,3,25,190
1950,4,1,252
1950,4,8,236
1950,4,15,226
1950,4,22,163
1950,4,29,211
1950,5,6,256
1950,5,13,263
1950,5,20,186
1950,5,27,249
1950,6,3,321
1950,6,10,213
1950,6,17,310
1950,6,24,228
1950,7,1,197
1950,7,8,173
1950,7,15,139
1950,7,22,91
1950,7,29,124
1950,8,5,65
1950,8,12,71
1950,8,19,67
1950,8,26,31
1950,9,2,62
1950,9,9,100
1950,9,16,64
1950,9,23,45
1950,9,30,74
1950,10,7,86
1950,10,14,197
1950,10,21,212
1950,10,28,250
1950,11,4,206
1950,11,11,348
1950,11,18,498
1950,11,25,510
1950,12,2,467
1950,12,9,528
1950,12,16,355
1950,12,23,516
1950,12,30,538
1951,1,6,719
1951,1,13,719
1951,1,20,605
1951,1,27,770
1951,2,3,592
1951,2,10,766
1951,2,17,661
1951,2,24,629
1951,3,3,650
1951,3,10,467
1951,3,17,445
1951,3,24,323
1951,3,31,339
1951,4,7,499
1951,4,14,420
1951,4,21,405
1951,4,28,452
1951,5,5,509
1951,5,12,582
1951,5,19,433
1951,5,26,556
1951,6,2,512
1951,6,9,780
1951,6,16,579
1951,6,23,731
1951,6,30,459
1951,7,7,323
1951,7,14,322
1951,7,21,244
1951,7,28,193
1951,8,4,155
1951,8,11,88
1951,8,18,81
1951,8,25,71
1951,9,1,59
1951,9,8,77
1951,9,15,62
1951,9,22,97
1951,9,29,91
1951,10,6,137
1951,10,13,132
1951,10,20,212
1951,10,27,308
1951,11,3,244
1951,11,10,495
1951,11,17,448
1951,11,24,508
1951,12,1,654
1951,12,8,649
1951,12,15,554
1951,12,22,576
1951,12,29,548
1952,1,5,775
1952,1,12,856
1952,1,19,1037
1952,1,26,681
1952,2,2,539
1952,2,9,586
1952,2,16,486
1952,2,23,607
1952,3,1,575
1952,3,8,517
1952,3,15,556
1952,3,22,503
1952,3,29,570
1952,4,5,404
1952,4,12,562
1952,4,19,495
1952,4,26,575
1952,5,3,454
1952,5,10,491
1952,5,17,570
1952,5,24,417
1952,5,31,576
1952,6,7,434
1952,6,14,614
1952,6,21,453
1952,6,28,412
1952,7,5,270
1952,7,12,191
1952,7,19,168
1952,7,26,164
1952,8,2,66
1952,8,9,37
1952,8,16,63
1952,8,23,41
1952,8,30,46
1952,9,6,58
1952,9,13,47
1952,9,20,38
1952,9,27,57
1952,10,4,64
1952,10,11,145
1952,10,18,125
1952,10,25,270
1952,11,1,273
1952,11,8,378
1952,11,15,403
1952,11,22,445
1952,11,29,568
1952,12,6,574
1952,12,13,653
1952,12,20,480
1952,12,27,568
1953,1,3,594
1953,1,10,833
1953,1,17,803
1953,1,24,810
1953,1,31,562
1953,2,7,768
1953,2,14,844
1953,2,21,592
1953,2,28,672
1953,3,7,751
1953,3,14,761
1953,3,21,697
1953,3,28,652
1953,4,4,473
1953,4,11,421
1953,4,18,618
1953,4,25,327
1953,5,2,587
1953,5,9,496
1953,5,16,420
1953,5,23,499
1953,5,30,558
1953,6,6,557
1953,6,13,426
1953,6,20,528
1953,6,27,362
1953,7,4,265
1953,7,11,119
1953,7,18,164
1953,7,25,93
1953,8,1,142
1953,8,8,46
1953,8,15,54
1953,8,22,35
1953,8,29,33
1953,9,5,28
1953,9,12,47
1953,9,19,28
1953,9,26,33
1953,10,3,47
1953,10,10,107
1953,10,17,107
1953,10,24,236
1953,10,31,351
1953,11,7,312
1953,11,14,269
1953,11,21,416
1953,11,28,384
1953,12,5,740
1953,12,12,411
1953,12,19,231
1953,12,26,563
1954,1,2,488
1954,1,9,688
1954,1,16,676
1954,1,23,741
1954,1,30,671
1954,2,6,444
1954,2,13,479
1954,2,20,407
1954,2,27,613
1954,3,6,440
1954,3,13,587
1954,3,20,400
1954,3,27,524
1954,4,3,635
1954,4,10,470
1954,4,17,401
1954,4,24,298
1954,5,1,435
1954,5,8,408
1954,5,15,331
1954,5,22,289
1954,5,29,382
1954,6,5,422
1954,6,12,419
1954,6,19,421
1954,6,26,327
1954,7,3,186
1954,7,10,192
1954,7,17,123
1954,7,24,95
1954,7,31,46
1954,8,7,66
1954,8,14,44
1954,8,21,49
1954,8,28,18
1954,9,4,30
1954,9,11,52
1954,9,18,25
1954,9,25,45
1954,10,2,58
1954,10,9,44
1954,10,16,347
1954,10,23,186
1954,10,30,168
1954,11,6,158
1954,11,13,271
1954,11,20,316
1954,11,27,421
1954,12,4,277
1954,12,11,355
1954,12,18,297
1954,12,25,526
1955,1,1,369
1955,1,8,584
1955,1,15,761
1955,1,22,609
1955,1,29,557
1955,2,5,383
1955,2,12,716
1955,2,19,653
1955,2,26,614
1955,3,5,553
1955,3,12,558
1955,3,19,534
1955,3,26,493
1955,4,2,450
1955,4,9,411
1955,4,16,396
1955,4,23,426
1955,4,30,412
1955,5,7,300
1955,5,14,277
1955,5,21,339
1955,5,28,416
1955,6,4,334
1955,6,11,401
1955,6,18,414
1955,6,25,312
1955,7,2,199
1955,7,9,215
1955,7,16,151
1955,7,23,91
1955,7,30,82
1955,8,6,32
1955,8,13,22
1955,8,20,38
1955,8,27,25
1955,9,3,30
1955,9,10,13
1955,9,17,41
1955,9,24,61
1955,10,1,65
1955,10,8,71
1955,10,15,146
1955,10,22,129
1955,10,29,196
1955,11,5,196
1955,11,12,168
1955,11,19,317
1955,11,26,399
1955,12,3,425
1955,12,10,524
1955,12,17,218
1955,12,24,420
1955,12,31,358
1956,1,7,511
1956,1,14,633
1956,1,21,554
1956,1,28,698
1956,2,4,539
1956,2,11,613
1956,2,18,543
1956,2,25,580
1956,3,3,379
1956,3,10,621
1956,3,17,579
1956,3,24,382
1956,3,31,296
1956,4,7,395
1956,4,14,324
1956,4,21,393
1956,4,28,392
1956,5,5,376
1956,5,12,319
1956,5,19,461
1956,5,26,386
1956,6,2,324
1956,6,9,402
1956,6,16,324
1956,6,23,343
1956,6,30,205
1956,7,7,139
1956,7,14,130
1956,7,21,88
1956,7,28,109
1956,8,4,63
1956,8,11,61
1956,8,18,51
1956,8,25,96
1956,9,1,53
1956,9,8,46
1956,9,15,30
1956,9,22,52
1956,9,29,60
1956,10,6,52
1956,10,13,87
1956,10,20,265
1956,10,27,139
1956,11,3,320
1956,11,10,295
1956,11,17,383
1956,11,24,390
1956,12,1,424
1956,12,8,315
1956,12,15,438
1956,12,22,355
1956,12,29,419
1957,1,5,699
1957,1,12,582
1957,1,19,555
1957,1,26,622
1957,2,2,424
1957,2,9,492
1957,2,16,658
1957,2,23,646
1957,3,2,706
1957,3,9,678
1957,3,16,631
1957,3,23,781
1957,3,30,677
1957,4,6,566
1957,4,13,596
1957,4,20,644
1957,4,27,463
1957,5,4,951
1957,5,11,681
1957,5,18,464
1957,5,25,457
1957,6,1,437
1957,6,8,581
1957,6,15,490
1957,6,22,434
1957,6,29,271
1957,7,6,188
1957,7,13,129
1957,7,20,123
1957,7,27,55
1957,8,3,48
1957,8,10,39
1957,8,17,40
1957,8,24,26
1957,8,31,27
1957,9,7,41
1957,9,14,63
1957,9,21,62
1957,9,28,58
1957,10,5,72
1957,10,12,61
1957,10,19,51
1957,10,26,115
1957,11,2,103
1957,11,9,150
1957,11,16,115
1957,11,23,194
1957,11,30,181
1957,12,7,312
1957,12,14,246
1957,12,21,182
1957,12,28,183
1958,1,4,362
1958,1,11,430
1958,1,18,286
1958,1,25,392
1958,2,1,379
1958,2,8,284
1958,2,15,507
1958,2,22,437
1958,3,1,534
1958,3,8,463
1958,3,15,489
1958,3,22,304
1958,3,29,436
1958,4,5,398
1958,4,12,312
1958,4,19,457
1958,4,26,422
1958,5,3,503
1958,5,10,388
1958,5,17,321
1958,5,24,346
1958,5,31,388
1958,6,7,403
1958,6,14,269
1958,6,21,371
1958,6,28,246
1958,7,5,240
1958,7,12,128
1958,7,19,142
1958,7,26,101
1958,8,2,61
1958,8,9,57
1958,8,16,37
1958,8,23,50
1958,8,30,33
1958,9,6,24
1958,9,13,58
1958,9,20,39
1958,9,27,67
1958,10,4,86
1958,10,11,36
1958,10,18,80
1958,10,25,138
1958,11,1,216
1958,11,8,141
1958,11,15,162
1958,11,22,251
1958,11,29,251
1958,12,6,269
1958,12,13,260
1958,12,20,183
1958,12,27,228
