# Weekly rubella cases in Ontario Canada; 1924-89,,,
# This data file is available online from the International Infectious Disease Data Archive (IIDDA) at http://iidda.mcmaster.ca,,,
# Please acknowledge IIDDA in any publication or presentation in which data downloaded from IIDDA are used.,,,
# The first publication that made use of this data file was: C. T. Bauch and D. J. D. Earn (2003) 'Transients and Attractors in Epidemics' Proceedings of the Royal Society of London Series B 270:1573-1578,,,
# See the IIDDA website for a list of all papers that have used this data file.,,,
year,month,day,cases
1924,1,5,
1924,1,12,
1924,1,19,
1924,1,26,
1924,2,2,
1924,2,9,
1924,2,16,
1924,2,23,
1924,3,1,
1924,3,8,
1924,3,15,
1924,3,22,
1924,3,29,
1924,4,5,
1924,4,12,
1924,4,19,
1924,4,26,
1924,5,3,
1924,5,10,
1924,5,17,
1924,5,24,
1924,5,31,
1924,6,7,
1924,6,14,
1924,6,21,
1924,6,28,
1924,7,5,5
1924,7,12,13
1924,7,19,6
1924,7,26,4
1924,8,2,3
1924,8,9,
1924,8,16,
1924,8,23,2
1924,8,30,4
1924,9,6,
1924,9,13,
1924,9,20,6
1924,9,27,
1924,10,4,
1924,10,11,1
1924,10,18,
1924,10,25,5
1924,11,1,
1924,11,8,20
1924,11,15,7
1924,11,22,9
1924,11,29,5
1924,12,6,1
1924,12,13,
1924,12,20,6
1924,12,27,3
1925,1,3,5
1925,1,10,8
1925,1,17,3
1925,1,24,4
1925,1,31,5
1925,2,7,11
1925,2,14,6
1925,2,21,1
1925,2,28,1
1925,3,7,14
1925,3,14,13
1925,3,21,2
1925,3,28,3
1925,4,4,6
1925,4,11,3
1925,4,18,2
1925,4,25,7
1925,5,2,6
1925,5,9,3
1925,5,16,1
1925,5,23,
1925,5,30,11
1925,6,6,7
1925,6,13,10
1925,6,20,1
1925,6,27,5
1925,7,4,4
1925,7,11,2
1925,7,18,1
1925,7,25,4
1925,8,1,1
1925,8,8,
1925,8,15,2
1925,8,22,
1925,8,29,1
1925,9,5,
1925,9,12,1
1925,9,19,
1925,9,26,1
1925,10,3,
1925,10,10,3
1925,10,17,
1925,10,24,1
1925,10,31,2
1925,11,7,
1925,11,14,2
1925,11,21,2
1925,11,28,1
1925,12,5,11
1925,12,12,1
1925,12,19,5
1925,12,26,12
1926,1,2,1
1926,1,9,
1926,1,16,21
1926,1,23,13
1926,1,30,28
1926,2,6,32
1926,2,13,176
1926,2,20,9
1926,2,27,294
1926,3,6,
1926,3,13,15
1926,3,20,515
1926,3,27,413
1926,4,3,8
1926,4,10,101
1926,4,17,92
1926,4,24,160
1926,5,1,232
1926,5,8,116
1926,5,15,147
1926,5,22,93
1926,5,29,102
1926,6,5,164
1926,6,12,163
1926,6,19,67
1926,6,26,39
1926,7,3,56
1926,7,10,25
1926,7,17,30
1926,7,24,11
1926,7,31,28
1926,8,7,8
1926,8,14,12
1926,8,21,2
1926,8,28,2
1926,9,4,1
1926,9,11,3
1926,9,18,2
1926,9,25,1
1926,10,2,1
1926,10,9,2
1926,10,16,3
1926,10,23,
1926,10,30,1
1926,11,6,
1926,11,13,4
1926,11,20,9
1926,11,27,6
1926,12,4,
1926,12,11,8
1926,12,18,8
1926,12,25,3
1927,1,1,1
1927,1,8,1
1927,1,15,
1927,1,22,27
1927,1,29,120
1927,2,5,51
1927,2,12,102
1927,2,19,180
1927,2,26,274
1927,3,5,170
1927,3,12,241
1927,3,19,118
1927,3,26,353
1927,4,2,176
1927,4,9,57
1927,4,16,204
1927,4,23,197
1927,4,30,280
1927,5,7,289
1927,5,14,158
1927,5,21,278
1927,5,28,129
1927,6,4,179
1927,6,11,179
1927,6,18,114
1927,6,25,134
1927,7,2,36
1927,7,9,42
1927,7,16,11
1927,7,23,18
1927,7,30,19
1927,8,6,12
1927,8,13,5
1927,8,20,4
1927,8,27,
1927,9,3,4
1927,9,10,3
1927,9,17,2
1927,9,24,1
1927,10,1,5
1927,10,8,2
1927,10,15,2
1927,10,22,3
1927,10,29,1
1927,11,5,6
1927,11,12,3
1927,11,19,3
1927,11,26,2
1927,12,3,2
1927,12,10,10
1927,12,17,1
1927,12,24,1
1927,12,31,2
1928,1,7,7
1928,1,14,9
1928,1,21,2
1928,1,28,15
1928,2,4,8
1928,2,11,8
1928,2,18,16
1928,2,25,9
1928,3,3,7
1928,3,10,12
1928,3,17,9
1928,3,24,11
1928,3,31,3
1928,4,7,6
1928,4,14,3
1928,4,21,18
1928,4,28,5
1928,5,5,3
1928,5,12,6
1928,5,19,6
1928,5,26,7
1928,6,2,3
1928,6,9,3
1928,6,16,4
1928,6,23,2
1928,6,30,3
1928,7,7,
1928,7,14,3
1928,7,21,1
1928,7,28,
1928,8,4,
1928,8,11,
1928,8,18,
1928,8,25,
1928,9,1,
1928,9,8,
1928,9,15,1
1928,9,22,1
1928,9,29,1
1928,10,6,3
1928,10,13,2
1928,10,20,2
1928,10,27,1
1928,11,3,3
1928,11,10,3
1928,11,17,4
1928,11,24,5
1928,12,1,8
1928,12,8,5
1928,12,15,12
1928,12,22,1
1928,12,29,1
1929,1,5,
1929,1,12,3
1929,1,19,7
1929,1,26,9
1929,2,2,7
1929,2,9,9
1929,2,16,9
1929,2,23,1
1929,3,2,7
1929,3,9,3
1929,3,16,6
1929,3,23,4
1929,3,30,2
1929,4,6,2
1929,4,13,4
1929,4,20,4
1929,4,27,8
1929,5,4,8
1929,5,11,17
1929,5,18,5
1929,5,25,3
1929,6,1,8
1929,6,8,6
1929,6,15,4
1929,6,22,16
1929,6,29,2
1929,7,6,3
1929,7,13,
1929,7,20,
1929,7,27,2
1929,8,3,1
1929,8,10,
1929,8,17,1
1929,8,24,
1929,8,31,
1929,9,7,
1929,9,14,2
1929,9,21,
1929,9,28,
1929,10,5,
1929,10,12,2
1929,10,19,
1929,10,26,2
1929,11,2,5
1929,11,9,13
1929,11,16,16
1929,11,23,13
1929,11,30,19
1929,12,7,13
1929,12,14,28
1929,12,21,14
1929,12,28,18
1930,1,4,49
1930,1,11,47
1930,1,18,29
1930,1,25,52
1930,2,1,65
1930,2,8,63
1930,2,15,63
1930,2,22,97
1930,3,1,104
1930,3,8,66
1930,3,15,166
1930,3,22,151
1930,3,29,134
1930,4,5,260
1930,4,12,194
1930,4,19,168
1930,4,26,169
1930,5,3,199
1930,5,10,281
1930,5,17,105
1930,5,24,255
1930,5,31,154
1930,6,7,141
1930,6,14,136
1930,6,21,98
1930,6,28,54
1930,7,5,15
1930,7,12,22
1930,7,19,5
1930,7,26,5
1930,8,2,3
1930,8,9,10
1930,8,16,
1930,8,23,
1930,8,30,1
1930,9,6,1
1930,9,13,3
1930,9,20,1
1930,9,27,
1930,10,4,1
1930,10,11,1
1930,10,18,1
1930,10,25,4
1930,11,1,3
1930,11,8,3
1930,11,15,7
1930,11,22,11
1930,11,29,7
1930,12,6,8
1930,12,13,8
1930,12,20,9
1930,12,27,1
1931,1,3,10
1931,1,10,22
1931,1,17,10
1931,1,24,14
1931,1,31,18
1931,2,7,8
1931,2,14,11
1931,2,21,7
1931,2,28,8
1931,3,7,9
1931,3,14,9
1931,3,21,28
1931,3,28,21
1931,4,4,3
1931,4,11,14
1931,4,18,26
1931,4,25,24
1931,5,2,21
1931,5,9,22
1931,5,16,58
1931,5,23,62
1931,5,30,32
1931,6,6,39
1931,6,13,29
1931,6,20,18
1931,6,27,10
1931,7,4,5
1931,7,11,1
1931,7,18,10
1931,7,25,1
1931,8,1,
1931,8,8,16
1931,8,15,3
1931,8,22,
1931,8,29,1
1931,9,5,2
1931,9,12,3
1931,9,19,6
1931,9,26,1
1931,10,3,8
1931,10,10,5
1931,10,17,
1931,10,24,5
1931,10,31,3
1931,11,7,3
1931,11,14,2
1931,11,21,2
1931,11,28,2
1931,12,5,2
1931,12,12,7
1931,12,19,7
1931,12,26,7
1932,1,2,6
1932,1,9,23
1932,1,16,7
1932,1,23,5
1932,1,30,15
1932,2,6,7
1932,2,13,26
1932,2,20,4
1932,2,27,7
1932,3,5,10
1932,3,12,11
1932,3,19,9
1932,3,26,5
1932,4,2,16
1932,4,9,5
1932,4,16,11
1932,4,23,2
1932,4,30,3
1932,5,7,2
1932,5,14,3
1932,5,21,59
1932,5,28,11
1932,6,4,4
1932,6,11,3
1932,6,18,7
1932,6,25,1
1932,7,2,3
1932,7,9,12
1932,7,16,
1932,7,23,
1932,7,30,
1932,8,6,3
1932,8,13,
1932,8,20,3
1932,8,27,
1932,9,3,
1932,9,10,2
1932,9,17,2
1932,9,24,2
1932,10,1,
1932,10,8,1
1932,10,15,2
1932,10,22,
1932,10,29,1
1932,11,5,4
1932,11,12,3
1932,11,19,11
1932,11,26,5
1932,12,3,
1932,12,10,3
1932,12,17,3
1932,12,24,1
1932,12,31,18
1933,1,7,4
1933,1,14,2
1933,1,21,5
1933,1,28,1
1933,2,4,1
1933,2,11,
1933,2,18,4
1933,2,25,3
1933,3,4,1
1933,3,11,1
1933,3,18,1
1933,3,25,6
1933,4,1,8
1933,4,8,12
1933,4,15,9
1933,4,22,24
1933,4,29,23
1933,5,6,14
1933,5,13,12
1933,5,20,9
1933,5,27,10
1933,6,3,1
1933,6,10,3
1933,6,17,12
1933,6,24,6
1933,7,1,4
1933,7,8,2
1933,7,15,2
1933,7,22,
1933,7,29,
1933,8,5,
1933,8,12,
1933,8,19,1
1933,8,26,1
1933,9,2,1
1933,9,9,
1933,9,16,2
1933,9,23,2
1933,9,30,1
1933,10,7,2
1933,10,14,
1933,10,21,
1933,10,28,
1933,11,4,6
1933,11,11,4
1933,11,18,1
1933,11,25,3
1933,12,2,1
1933,12,9,3
1933,12,16,3
1933,12,23,
1933,12,30,
1934,1,6,1
1934,1,13,4
1934,1,20,5
1934,1,27,2
1934,2,3,3
1934,2,10,3
1934,2,17,3
1934,2,24,8
1934,3,3,5
1934,3,10,1
1934,3,17,6
1934,3,24,8
1934,3,31,4
1934,4,7,2
1934,4,14,3
1934,4,21,3
1934,4,28,2
1934,5,5,2
1934,5,12,11
1934,5,19,1
1934,5,26,2
1934,6,2,1
1934,6,9,6
1934,6,16,1
1934,6,23,2
1934,6,30,
1934,7,7,1
1934,7,14,3
1934,7,21,
1934,7,28,3
1934,8,4,1
1934,8,11,4
1934,8,18,1
1934,8,25,1
1934,9,1,
1934,9,8,
1934,9,15,2
1934,9,22,4
1934,9,29,5
1934,10,6,3
1934,10,13,4
1934,10,20,1
1934,10,27,46
1934,11,3,13
1934,11,10,1
1934,11,17,49
1934,11,24,14
1934,12,1,14
1934,12,8,22
1934,12,15,26
1934,12,22,37
1934,12,29,6
1935,1,5,33
1935,1,12,78
1935,1,19,77
1935,1,26,104
1935,2,2,136
1935,2,9,191
1935,2,16,370
1935,2,23,524
1935,3,2,672
1935,3,9,887
1935,3,16,924
1935,3,23,712
1935,3,30,1297
1935,4,6,851
1935,4,13,745
1935,4,20,691
1935,4,27,855
1935,5,4,614
1935,5,11,850
1935,5,18,806
1935,5,25,1118
1935,6,1,908
1935,6,8,1465
1935,6,15,1341
1935,6,22,1062
1935,6,29,938
1935,7,6,659
1935,7,13,229
1935,7,20,101
1935,7,27,123
1935,8,3,75
1935,8,10,33
1935,8,17,15
1935,8,24,10
1935,8,31,7
1935,9,7,7
1935,9,14,2
1935,9,21,8
1935,9,28,13
1935,10,5,17
1935,10,12,11
1935,10,19,21
1935,10,26,38
1935,11,2,54
1935,11,9,33
1935,11,16,85
1935,11,23,83
1935,11,30,136
1935,12,7,40
1935,12,14,147
1935,12,21,216
1935,12,28,215
1936,1,4,191
1936,1,11,400
1936,1,18,638
1936,1,25,369
1936,2,1,517
1936,2,8,663
1936,2,15,935
1936,2,22,1140
1936,2,29,1258
1936,3,7,2163
1936,3,14,2542
1936,3,21,2795
1936,3,28,2646
1936,4,4,1865
1936,4,11,1549
1936,4,18,812
1936,4,25,1407
1936,5,2,1637
1936,5,9,1294
1936,5,16,1221
1936,5,23,631
1936,5,30,683
1936,6,6,489
1936,6,13,392
1936,6,20,331
1936,6,27,230
1936,7,4,164
1936,7,11,40
1936,7,18,140
1936,7,25,28
1936,8,1,17
1936,8,8,8
1936,8,15,6
1936,8,22,1
1936,8,29,3
1936,9,5,25
1936,9,12,9
1936,9,19,10
1936,9,26,2
1936,10,3,7
1936,10,10,8
1936,10,17,5
1936,10,24,8
1936,10,31,8
1936,11,7,12
1936,11,14,7
1936,11,21,5
1936,11,28,9
1936,12,5,11
1936,12,12,12
1936,12,19,4
1936,12,26,4
1937,1,2,7
1937,1,9,35
1937,1,16,44
1937,1,23,26
1937,1,30,15
1937,2,6,27
1937,2,13,19
1937,2,20,43
1937,2,27,46
1937,3,6,49
1937,3,13,15
1937,3,20,31
1937,3,27,18
1937,4,3,22
1937,4,10,10
1937,4,17,19
1937,4,24,28
1937,5,1,57
1937,5,8,36
1937,5,15,26
1937,5,22,14
1937,5,29,19
1937,6,5,58
1937,6,12,30
1937,6,19,29
1937,6,26,8
1937,7,3,14
1937,7,10,10
1937,7,17,10
1937,7,24,15
1937,7,31,6
1937,8,7,1
1937,8,14,1
1937,8,21,6
1937,8,28,7
1937,9,4,6
1937,9,11,6
1937,9,18,3
1937,9,25,2
1937,10,2,21
1937,10,9,8
1937,10,16,
1937,10,23,24
1937,10,30,1
1937,11,6,1
1937,11,13,5
1937,11,20,7
1937,11,27,11
1937,12,4,5
1937,12,11,6
1937,12,18,6
1937,12,25,
1938,1,1,8
1938,1,8,7
1938,1,15,15
1938,1,22,10
1938,1,29,13
1938,2,5,5
1938,2,12,23
1938,2,19,7
1938,2,26,32
1938,3,5,14
1938,3,12,19
1938,3,19,21
1938,3,26,13
1938,4,2,27
1938,4,9,69
1938,4,16,19
1938,4,23,20
1938,4,30,26
1938,5,7,15
1938,5,14,22
1938,5,21,27
1938,5,28,17
1938,6,4,11
1938,6,11,30
1938,6,18,20
1938,6,25,13
1938,7,2,13
1938,7,9,18
1938,7,16,24
1938,7,23,12
1938,7,30,3
1938,8,6,7
1938,8,13,2
1938,8,20,8
1938,8,27,4
1938,9,3,1
1938,9,10,7
1938,9,17,4
1938,9,24,6
1938,10,1,3
1938,10,8,6
1938,10,15,3
1938,10,22,17
1938,10,29,11
1938,11,5,21
1938,11,12,17
1938,11,19,14
1938,11,26,25
1938,12,3,25
1938,12,10,18
1938,12,17,28
1938,12,24,53
1938,12,31,14
1939,1,7,17
1939,1,14,18
1939,1,21,22
1939,1,28,28
1939,2,4,25
1939,2,11,29
1939,2,18,44
1939,2,25,28
1939,3,4,40
1939,3,11,32
1939,3,18,59
1939,3,25,20
1939,4,1,24
1939,4,8,14
1939,4,15,16
1939,4,22,26
1939,4,29,13
1939,5,6,14
1939,5,13,53
1939,5,20,47
1939,5,27,25
1939,6,3,26
1939,6,10,72
1939,6,17,125
1939,6,24,61
1939,7,1,31
1939,7,8,53
1939,7,15,3
1939,7,22,31
1939,7,29,
1939,8,5,4
1939,8,12,1
1939,8,19,6
1939,8,26,17
1939,9,2,1
1939,9,9,19
1939,9,16,2
1939,9,23,4
1939,9,30,3
1939,10,7,1
1939,10,14,10
1939,10,21,7
1939,10,28,4
1939,11,4,20
1939,11,11,5
1939,11,18,3
1939,11,25,4
1939,12,2,11
1939,12,9,7
1939,12,16,4
1939,12,23,16
1939,12,30,15
1940,1,6,17
1940,1,13,20
1940,1,20,19
1940,1,27,12
1940,2,3,19
1940,2,10,17
1940,2,17,17
1940,2,24,12
1940,3,2,20
1940,3,9,110
1940,3,16,27
1940,3,23,10
1940,3,30,12
1940,4,6,16
1940,4,13,21
1940,4,20,52
1940,4,27,21
1940,5,4,16
1940,5,11,32
1940,5,18,78
1940,5,25,20
1940,6,1,33
1940,6,8,10
1940,6,15,19
1940,6,22,25
1940,6,29,6
1940,7,6,8
1940,7,13,6
1940,7,20,11
1940,7,27,18
1940,8,3,5
1940,8,10,7
1940,8,17,4
1940,8,24,5
1940,8,31,11
1940,9,7,1
1940,9,14,9
1940,9,21,9
1940,9,28,6
1940,10,5,7
1940,10,12,2
1940,10,19,1
1940,10,26,7
1940,11,2,30
1940,11,9,31
1940,11,16,13
1940,11,23,251
1940,11,30,132
1940,12,7,207
1940,12,14,211
1940,12,21,176
1940,12,28,244
1941,1,7,208
1941,1,11,545
1941,1,18,812
1941,1,25,789
1941,2,1,1054
1941,2,8,1059
1941,2,15,1694
1941,2,22,1611
1941,3,1,1768
1941,3,8,2120
1941,3,15,1970
1941,3,22,2491
1941,3,29,2045
1941,4,5,2159
1941,4,12,1449
1941,4,19,1306
1941,4,26,1186
1941,5,3,1174
1941,5,10,982
1941,5,17,803
1941,5,24,646
1941,5,31,647
1941,6,7,448
1941,6,14,317
1941,6,21,221
1941,6,28,201
1941,7,5,89
1941,7,12,82
1941,7,14,33
1941,7,26,15
1941,8,2,20
1941,8,9,65
1941,8,16,16
1941,8,23,9
1941,8,30,8
1941,9,6,14
1941,9,13,11
1941,9,20,5
1941,9,27,5
1941,10,4,13
1941,10,11,14
1941,10,18,13
1941,10,25,7
1941,11,1,4
1941,11,8,8
1941,11,15,13
1941,11,22,22
1941,11,29,19
1941,12,6,16
1941,12,13,13
1941,12,20,12
1941,12,27,18
1942,1,3,20
1942,1,10,21
1942,1,17,29
1942,1,24,35
1942,1,31,33
1942,2,7,64
1942,2,14,41
1942,2,21,51
1942,2,28,72
1942,3,7,74
1942,3,14,65
1942,3,21,105
1942,3,28,85
1942,4,4,40
1942,4,11,69
1942,4,18,60
1942,4,25,50
1942,5,2,68
1942,5,9,63
1942,5,16,62
1942,5,23,39
1942,5,30,46
1942,6,6,46
1942,6,13,53
1942,6,20,46
1942,6,27,23
1942,7,4,22
1942,7,11,26
1942,7,18,8
1942,7,25,12
1942,8,1,11
1942,8,8,9
1942,8,15,3
1942,8,22,7
1942,8,29,4
1942,9,5,5
1942,9,12,3
1942,9,19,2
1942,9,26,10
1942,10,3,6
1942,10,10,6
1942,10,17,8
1942,10,24,5
1942,10,21,8
1942,11,7,7
1942,11,14,8
1942,11,21,15
1942,11,28,12
1942,12,5,12
1942,12,12,6
1942,12,19,5
1942,12,26,11
1943,1,2,15
1943,1,9,16
1943,1,16,12
1943,1,23,9
1943,1,30,9
1943,2,6,12
1943,2,13,16
1943,2,20,29
1943,2,27,16
1943,3,6,28
1943,3,13,29
1943,3,20,34
1943,3,27,34
1943,4,3,78
1943,4,10,88
1943,4,17,152
1943,4,24,58
1943,5,1,110
1943,5,8,106
1943,5,15,127
1943,5,22,110
1943,5,29,210
1943,6,5,156
1943,6,12,162
1943,6,19,125
1943,6,26,76
1943,7,3,69
1943,7,10,38
1943,7,17,32
1943,7,24,20
1943,7,31,14
1943,8,7,15
1943,8,14,6
1943,8,21,7
1943,8,28,6
1943,9,4,6
1943,9,11,5
1943,9,18,4
1943,9,25,5
1943,10,2,4
1943,10,9,5
1943,10,16,9
1943,10,23,11
1943,10,30,10
1943,11,6,14
1943,11,13,9
1943,11,20,10
1943,11,27,16
1943,12,4,13
1943,12,11,17
1943,12,18,6
1943,12,25,10
1944,1,1,9
1944,1,8,13
1944,1,15,12
1944,1,22,17
1944,1,29,20
1944,2,5,24
1944,2,12,30
1944,2,19,29
1944,2,26,47
1944,3,4,23
1944,3,11,54
1944,3,18,69
1944,3,25,54
1944,4,1,109
1944,4,8,67
1944,4,15,66
1944,4,22,140
1944,4,29,201
1944,5,6,73
1944,5,13,235
1944,5,20,111
1944,5,27,77
1944,6,3,120
1944,6,10,90
1944,6,17,39
1944,6,24,32
1944,7,1,53
1944,7,8,45
1944,7,15,30
1944,7,22,7
1944,7,29,11
1944,8,5,16
1944,8,12,24
1944,8,19,6
1944,8,26,6
1944,9,2,1
1944,9,9,3
1944,9,16,6
1944,9,23,8
1944,9,30,7
1944,10,7,9
1944,10,14,1
1944,10,21,5
1944,10,28,8
1944,11,4,23
1944,11,11,3
1944,11,18,5
1944,11,25,11
1944,12,2,11
1944,12,9,21
1944,12,16,10
1944,12,23,9
1944,12,30,8
1945,1,6,20
1945,1,13,13
1945,1,20,13
1945,1,27,12
1945,2,3,20
1945,2,10,14
1945,2,17,12
1945,2,24,6
1945,3,3,12
1945,3,10,11
1945,3,17,16
1945,3,24,15
1945,3,31,32
1945,4,7,18
1945,4,14,26
1945,4,21,23
1945,4,28,27
1945,5,5,13
1945,5,12,43
1945,5,19,36
1945,5,26,41
1945,6,2,111
1945,6,9,47
1945,6,16,39
1945,6,23,134
1945,6,30,35
1945,7,7,45
1945,7,14,25
1945,7,21,8
1945,7,28,6
1945,8,4,7
1945,8,11,9
1945,8,18,4
1945,8,25,3
1945,9,1,1
1945,9,8,7
1945,9,15,7
1945,9,22,4
1945,9,29,7
1945,10,6,7
1945,10,13,17
1945,10,20,6
1945,10,27,13
1945,11,3,12
1945,11,10,10
1945,11,17,10
1945,11,24,14
1945,12,1,20
1945,12,8,22
1945,12,15,13
1945,12,22,25
1945,12,29,17
1946,1,5,24
1946,1,12,34
1946,1,19,35
1946,1,26,17
1946,2,2,58
1946,2,9,22
1946,2,16,25
1946,2,23,28
1946,3,2,9
1946,3,9,27
1946,3,16,27
1946,3,23,95
1946,3,30,192
1946,4,6,57
1946,4,13,31
1946,4,20,62
1946,4,27,33
1946,5,4,21
1946,5,11,39
1946,5,18,34
1946,5,25,44
1946,6,1,38
1946,6,8,13
1946,6,15,28
1946,6,22,21
1946,6,29,28
1946,7,6,11
1946,7,13,11
1946,7,20,10
1946,7,27,17
1946,8,3,3
1946,8,10,6
1946,8,17,
1946,8,24,4
1946,8,31,4
1946,9,7,4
1946,9,14,7
1946,9,21,6
1946,9,28,5
1946,10,5,6
1946,10,12,5
1946,10,19,6
1946,10,26,6
1946,11,2,6
1946,11,9,13
1946,11,16,12
1946,11,23,8
1946,11,30,14
1946,12,7,15
1946,12,14,10
1946,12,21,7
1946,12,28,3
1947,1,4,8
1947,1,11,14
1947,1,18,41
1947,1,25,36
1947,2,1,23
1947,2,8,52
1947,2,15,42
1947,2,22,71
1947,3,1,87
1947,3,8,51
1947,3,15,70
1947,3,22,68
1947,3,29,44
1947,4,5,39
1947,4,12,45
1947,4,19,49
1947,4,26,45
1947,5,3,43
1947,5,10,61
1947,5,17,55
1947,5,24,37
1947,5,31,52
1947,6,7,42
1947,6,14,27
1947,6,21,33
1947,6,28,25
1947,7,5,14
1947,7,12,11
1947,7,19,6
1947,7,26,10
1947,8,2,6
1947,8,9,6
1947,8,16,20
1947,8,23,15
1947,8,30,13
1947,9,6,3
1947,9,13,7
1947,9,20,11
1947,9,27,5
1947,10,4,3
1947,10,11,13
1947,10,18,5
1947,10,25,14
1947,11,1,9
1947,11,8,9
1947,11,15,17
1947,11,22,23
1947,11,29,12
1947,12,6,13
1947,12,13,12
1947,12,20,15
1947,12,27,8
1948,1,3,11
1948,1,10,69
1948,1,17,22
1948,1,24,23
1948,1,31,80
1948,2,7,15
1948,2,14,27
1948,2,21,34
1948,2,28,49
1948,3,6,26
1948,3,13,27
1948,3,20,21
1948,3,27,18
1948,4,3,38
1948,4,10,14
1948,4,17,21
1948,4,24,27
1948,5,1,18
1948,5,8,12
1948,5,15,10
1948,5,22,15
1948,5,29,18
1948,6,5,21
1948,6,12,15
1948,6,19,13
1948,6,26,5
1948,7,3,13
1948,7,10,3
1948,7,17,3
1948,7,24,5
1948,7,31,2
1948,8,7,4
1948,8,14,6
1948,8,21,3
1948,8,28,9
1948,9,4,7
1948,9,11,13
1948,9,18,3
1948,9,25,3
1948,10,2,7
1948,10,9,11
1948,10,16,9
1948,10,23,7
1948,10,30,21
1948,11,6,7
1948,11,13,8
1948,11,20,6
1948,11,27,11
1948,12,4,9
1948,12,11,11
1948,12,18,12
1948,12,25,34
1949,1,1,9
1949,1,8,14
1949,1,15,13
1949,1,22,21
1949,1,29,24
1949,2,5,11
1949,2,12,27
1949,2,19,9
1949,2,26,38
1949,3,5,44
1949,3,12,54
1949,3,19,61
1949,3,26,48
1949,4,2,64
1949,4,9,144
1949,4,16,31
1949,4,23,20
1949,4,30,46
1949,5,7,42
1949,5,14,64
1949,5,21,62
1949,5,28,35
1949,6,4,79
1949,6,11,35
1949,6,18,63
1949,6,25,50
1949,7,2,26
1949,7,9,10
1949,7,16,8
1949,7,23,4
1949,7,30,4
1949,8,6,11
1949,8,13,7
1949,8,20,2
1949,8,27,7
1949,9,3,6
1949,9,10,5
1949,9,17,5
1949,9,24,5
1949,10,1,6
1949,10,8,8
1949,10,15,8
1949,10,22,7
1949,10,29,14
1949,11,5,17
1949,11,12,11
1949,11,19,12
1949,11,26,18
1949,12,3,40
1949,12,10,27
1949,12,17,61
1949,12,24,37
1949,12,31,64
1950,1,7,107
1950,1,14,110
1950,1,21,105
1950,1,28,94
1950,2,4,212
1950,2,11,278
1950,2,18,197
1950,2,25,408
1950,3,4,650
1950,3,11,372
1950,3,18,885
1950,3,25,620
1950,4,1,1258
1950,4,8,514
1950,4,15,792
1950,4,22,920
1950,4,29,1531
1950,5,6,1422
1950,5,13,1104
1950,5,20,1694
1950,5,27,1304
1950,6,3,1440
1950,6,10,1388
1950,6,17,1086
1950,6,24,835
1950,7,1,498
1950,7,8,175
1950,7,15,177
1950,7,22,73
1950,7,29,77
1950,8,5,63
1950,8,12,39
1950,8,19,37
1950,8,26,26
1950,9,2,36
1950,9,9,46
1950,9,16,33
1950,9,23,37
1950,9,30,56
1950,10,7,35
1950,10,14,41
1950,10,21,51
1950,10,28,59
1950,11,4,45
1950,11,11,28
1950,11,18,58
1950,11,25,48
1950,12,2,62
1950,12,9,59
1950,12,16,51
1950,12,23,63
1950,12,30,55
1951,1,6,146
1951,1,13,154
1951,1,20,107
1951,1,27,180
1951,2,3,243
1951,2,10,180
1951,2,17,241
1951,2,24,226
1951,3,3,246
1951,3,10,175
1951,3,17,187
1951,3,24,164
1951,3,31,120
1951,4,7,207
1951,4,14,218
1951,4,21,176
1951,4,28,234
1951,5,5,236
1951,5,12,175
1951,5,19,213
1951,5,26,205
1951,6,2,228
1951,6,9,203
1951,6,16,201
1951,6,23,202
1951,6,30,88
1951,7,7,57
1951,7,14,61
1951,7,21,33
1951,7,28,36
1951,8,4,16
1951,8,11,13
1951,8,18,37
1951,8,25,9
1951,9,1,15
1951,9,8,17
1951,9,15,12
1951,9,22,13
1951,9,29,4
1951,10,6,15
1951,10,13,11
1951,10,20,11
1951,10,27,23
1951,11,3,7
1951,11,10,25
1951,11,17,14
1951,11,24,23
1951,12,1,18
1951,12,8,31
1951,12,15,34
1951,12,22,37
1951,12,29,28
1952,1,5,74
1952,1,12,117
1952,1,19,104
1952,1,26,125
1952,2,2,129
1952,2,9,139
1952,2,16,128
1952,2,23,136
1952,3,1,171
1952,3,8,106
1952,3,15,181
1952,3,22,169
1952,3,29,241
1952,4,5,200
1952,4,12,252
1952,4,19,139
1952,4,26,178
1952,5,3,234
1952,5,10,154
1952,5,17,231
1952,5,24,277
1952,5,31,150
1952,6,7,231
1952,6,14,233
1952,6,21,206
1952,6,28,53
1952,7,5,140
1952,7,12,20
1952,7,19,9
1952,7,26,30
1952,8,2,9
1952,8,9,5
1952,8,16,2
1952,8,23,3
1952,8,30,
1952,9,6,12
1952,9,13,12
1952,9,20,14
1952,9,27,5
1952,10,4,7
1952,10,11,11
1952,10,18,17
1952,10,25,11
1952,11,1,14
1952,11,8,7
1952,11,15,21
1952,11,22,27
1952,11,29,41
1952,12,6,32
1952,12,13,30
1952,12,20,19
1952,12,27,24
1953,1,3,12
1953,1,10,28
1953,1,17,25
1953,1,24,28
1953,1,31,45
1953,2,7,49
1953,2,14,53
1953,2,21,69
1953,2,28,46
1953,3,7,58
1953,3,14,148
1953,3,21,161
1953,3,28,229
1953,4,4,125
1953,4,11,97
1953,4,18,73
1953,4,25,112
1953,5,2,117
1953,5,9,255
1953,5,16,115
1953,5,23,124
1953,5,30,93
1953,6,6,47
1953,6,13,97
1953,6,20,60
1953,6,27,51
1953,7,4,41
1953,7,11,53
1953,7,18,19
1953,7,25,12
1953,8,1,6
1953,8,8,7
1953,8,15,8
1953,8,22,4
1953,8,29,6
1953,9,5,5
1953,9,12,15
1953,9,19,11
1953,9,26,14
1953,10,3,12
1953,10,10,16
1953,10,17,10
1953,10,24,13
1953,10,31,10
1953,11,7,7
1953,11,14,18
1953,11,21,8
1953,11,28,11
1953,12,5,11
1953,12,12,18
1953,12,19,12
1953,12,26,13
1954,1,2,17
1954,1,9,16
1954,1,16,11
1954,1,23,19
1954,1,30,21
1954,2,6,25
1954,2,13,71
1954,2,20,35
1954,2,27,25
1954,3,6,17
1954,3,13,48
1954,3,20,11
1954,3,27,43
1954,4,3,30
1954,4,10,26
1954,4,17,32
1954,4,24,51
1954,5,1,42
1954,5,8,46
1954,5,15,25
1954,5,22,45
1954,5,29,45
1954,6,5,62
1954,6,12,79
1954,6,19,69
1954,6,26,62
1954,7,3,57
1954,7,10,17
1954,7,17,12
1954,7,24,15
1954,7,31,9
1954,8,7,18
1954,8,14,6
1954,8,21,14
1954,8,28,9
1954,9,4,9
1954,9,11,12
1954,9,18,10
1954,9,25,8
1954,10,2,20
1954,10,9,18
1954,10,16,12
1954,10,23,13
1954,10,30,25
1954,11,6,11
1954,11,13,17
1954,11,20,13
1954,11,27,21
1954,12,4,25
1954,12,11,30
1954,12,18,63
1954,12,25,76
1955,1,1,27
1955,1,8,145
1955,1,15,138
1955,1,22,141
1955,1,29,258
1955,2,5,271
1955,2,12,386
1955,2,19,463
1955,2,26,604
1955,3,5,667
1955,3,12,828
1955,3,19,1001
1955,3,26,819
1955,4,2,947
1955,4,9,665
1955,4,16,656
1955,4,23,731
1955,4,30,860
1955,5,7,622
1955,5,14,838
1955,5,21,735
1955,5,28,746
1955,6,4,631
1955,6,11,578
1955,6,18,662
1955,6,25,450
1955,7,2,198
1955,7,9,154
1955,7,16,41
1955,7,23,42
1955,7,30,41
1955,8,6,22
1955,8,13,20
1955,8,20,46
1955,8,27,7
1955,9,3,15
1955,9,10,19
1955,9,17,21
1955,9,24,16
1955,10,1,19
1955,10,8,13
1955,10,15,34
1955,10,22,42
1955,10,29,22
1955,11,5,36
1955,11,12,48
1955,11,19,40
1955,11,26,44
1955,12,3,42
1955,12,10,43
1955,12,17,60
1955,12,24,73
1955,12,31,96
1956,1,7,70
1956,1,14,139
1956,1,21,233
1956,1,28,300
1956,2,4,229
1956,2,11,293
1956,2,18,260
1956,2,25,434
1956,3,3,409
1956,3,10,534
1956,3,17,657
1956,3,24,356
1956,3,31,298
1956,4,7,1255
1956,4,14,760
1956,4,21,1208
1956,4,28,805
1956,5,5,488
1956,5,12,555
1956,5,19,2077
1956,5,26,670
1956,6,2,1022
1956,6,9,698
1956,6,16,586
1956,6,23,497
1956,6,30,208
1956,7,7,118
1956,7,14,52
1956,7,21,49
1956,7,28,60
1956,8,4,43
1956,8,11,25
1956,8,18,23
1956,8,25,25
1956,9,1,74
1956,9,8,16
1956,9,15,31
1956,9,22,38
1956,9,29,22
1956,10,6,26
1956,10,13,22
1956,10,20,47
1956,10,27,24
1956,11,3,44
1956,11,10,31
1956,11,17,32
1956,11,24,61
1956,12,1,33
1956,12,8,16
1956,12,15,37
1956,12,22,18
1956,12,29,35
1957,1,5,33
1957,1,12,58
1957,1,19,53
1957,1,26,69
1957,2,2,47
1957,2,9,53
1957,2,16,52
1957,2,23,41
1957,3,2,72
1957,3,9,75
1957,3,16,50
1957,3,23,60
1957,3,30,78
1957,4,6,77
1957,4,13,54
1957,4,20,63
1957,4,27,51
1957,5,4,73
1957,5,11,114
1957,5,18,55
1957,5,25,84
1957,6,1,78
1957,6,8,82
1957,6,15,55
1957,6,22,78
1957,6,29,49
1957,7,6,65
1957,7,13,13
1957,7,20,38
1957,7,27,26
1957,8,3,28
1957,8,10,29
1957,8,17,15
1957,8,24,12
1957,8,31,11
1957,9,7,25
1957,9,14,19
1957,9,21,16
1957,9,28,16
1957,10,5,17
1957,10,12,16
1957,10,19,10
1957,10,26,10
1957,11,2,7
1957,11,9,9
1957,11,16,4
1957,11,23,8
1957,11,30,7
1957,12,7,20
1957,12,14,16
1957,12,21,5
1957,12,28,13
1958,1,4,11
1958,1,11,14
1958,1,18,12
1958,1,25,19
1958,2,1,42
1958,2,8,32
1958,2,15,33
1958,2,22,61
1958,3,1,57
1958,3,8,74
1958,3,15,89
1958,3,22,74
1958,3,29,95
1958,4,5,92
1958,4,12,37
1958,4,19,115
1958,4,26,124
1958,5,3,120
1958,5,10,200
1958,5,17,160
1958,5,24,184
1958,5,31,244
1958,6,7,193
1958,6,14,301
1958,6,21,301
1958,6,28,169
1958,7,5,37
1958,7,12,51
1958,7,19,16
1958,7,26,13
1958,8,2,6
1958,8,9,16
1958,8,16,8
1958,8,23,4
1958,8,30,10
1958,9,6,8
1958,9,13,16
1958,9,20,15
1958,9,27,17
1958,10,4,18
1958,10,11,4
1958,10,18,19
1958,10,25,25
1958,11,1,18
1958,11,8,18
1958,11,15,33
1958,11,22,39
1958,11,29,25
1958,12,6,45
1958,12,13,26
1958,12,20,38
1958,12,27,29
1959,1,3,39
1959,1,10,57
1959,1,17,54
1959,1,24,93
1959,1,31,55
1959,2,7,58
1959,2,14,114
1959,2,21,71
1959,2,28,97
1959,3,7,115
1959,3,14,79
1959,3,21,104
1959,3,28,84
1959,4,4,62
1959,4,11,95
1959,4,18,65
1959,4,25,107
1959,5,2,124
1959,5,9,88
1959,5,16,107
1959,5,23,161
1959,5,30,198
1959,6,6,193
1959,6,13,183
1959,6,20,120
1959,6,27,46
1959,7,4,84
1959,7,11,17
1959,7,18,15
1959,7,25,16
1959,8,1,9
1959,8,8,13
1959,8,15,15
1959,8,22,16
1959,8,29,20
1959,9,5,5
1959,9,12,11
1959,9,19,20
1959,9,26,5
1959,10,3,3
1959,10,10,6
1959,10,17,5
1959,10,24,11
1959,10,31,10
1959,11,7,13
1959,11,14,24
1959,11,21,8
1959,11,28,30
1959,12,5,29
1959,12,12,17
1959,12,19,13
1959,12,26,36
1960,1,2,26
1960,1,9,21
1960,1,16,53
1960,1,23,64
1960,1,30,77
1960,2,6,94
1960,2,13,86
1960,2,20,87
1960,2,27,60
1960,3,5,132
1960,3,12,55
1960,3,19,150
1960,3,26,112
1960,4,2,180
1960,4,9,87
1960,4,16,113
1960,4,23,67
1960,4,30,193
1960,5,7,164
1960,5,14,167
1960,5,21,213
1960,5,28,174
1960,6,4,273
1960,6,11,208
1960,6,18,153
1960,6,25,86
1960,7,2,78
1960,7,9,33
1960,7,16,24
1960,7,23,22
1960,7,30,11
1960,8,6,13
1960,8,13,12
1960,8,20,12
1960,8,27,10
1960,9,3,16
1960,9,10,5
1960,9,17,8
1960,9,24,15
1960,10,1,13
1960,10,8,17
1960,10,15,7
1960,10,22,13
1960,10,29,22
1960,11,5,16
1960,11,12,14
1960,11,19,14
1960,11,26,14
1960,12,3,25
1960,12,10,41
1960,12,17,16
1960,12,24,37
1960,12,31,12
1961,1,7,38
1961,1,14,54
1961,1,21,49
1961,1,28,56
1961,2,4,66
1961,2,11,86
1961,2,18,103
1961,2,25,66
1961,3,4,277
1961,3,11,119
1961,3,18,93
1961,3,25,146
1961,4,1,141
1961,4,8,79
1961,4,15,127
1961,4,22,228
1961,4,29,167
1961,5,6,292
1961,5,13,235
1961,5,20,298
1961,5,27,187
1961,6,3,227
1961,6,10,239
1961,6,17,297
1961,6,24,172
1961,7,1,147
1961,7,8,67
1961,7,15,107
1961,7,22,57
1961,7,29,46
1961,8,5,29
1961,8,12,29
1961,8,19,22
1961,8,26,25
1961,9,2,22
1961,9,9,56
1961,9,16,37
1961,9,23,13
1961,9,30,38
1961,10,7,28
1961,10,14,16
1961,10,21,19
1961,10,28,18
1961,11,4,12
1961,11,11,50
1961,11,18,18
1961,11,25,20
1961,12,2,26
1961,12,9,30
1961,12,16,6
1961,12,23,82
1961,12,30,29
1962,1,6,87
1962,1,13,96
1962,1,20,80
1962,1,27,147
1962,2,3,128
1962,2,10,162
1962,2,17,92
1962,2,24,106
1962,3,3,559
1962,3,10,162
1962,3,17,152
1962,3,24,191
1962,3,31,334
1962,4,7,114
1962,4,14,214
1962,4,21,179
1962,4,28,146
1962,5,5,409
1962,5,12,287
1962,5,19,288
1962,5,26,315
1962,6,2,400
1962,6,9,616
1962,6,16,308
1962,6,23,203
1962,6,30,116
1962,7,7,387
1962,7,14,35
1962,7,21,30
1962,7,28,17
1962,8,4,21
1962,8,11,29
1962,8,18,30
1962,8,25,25
1962,9,1,21
1962,9,8,41
1962,9,15,36
1962,9,22,40
1962,9,29,33
1962,10,6,12
1962,10,13,38
1962,10,20,33
1962,10,27,30
1962,11,3,43
1962,11,10,51
1962,11,17,25
1962,11,24,46
1962,12,1,32
1962,12,8,82
1962,12,15,96
1962,12,22,51
1962,12,29,55
1963,1,5,69
1963,1,12,71
1963,1,19,118
1963,1,26,125
1963,2,2,180
1963,2,9,139
1963,2,16,160
1963,2,23,163
1963,3,2,116
1963,3,9,149
1963,3,16,255
1963,3,23,172
1963,3,30,255
1963,4,6,170
1963,4,13,204
1963,4,20,131
1963,4,27,96
1963,5,4,134
1963,5,11,118
1963,5,18,152
1963,5,25,181
1963,6,1,220
1963,6,8,366
1963,6,15,166
1963,6,22,190
1963,6,29,148
1963,7,6,47
1963,7,13,107
1963,7,20,20
1963,7,27,49
1963,8,3,33
1963,8,10,35
1963,8,17,13
1963,8,24,12
1963,8,31,17
1963,9,7,22
1963,9,14,19
1963,9,21,32
1963,9,28,21
1963,10,5,38
1963,10,12,37
1963,10,19,36
1963,10,26,50
1963,11,2,24
1963,11,9,46
1963,11,16,51
1963,11,23,67
1963,11,30,95
1963,12,7,120
1963,12,14,119
1963,12,21,74
1963,12,28,64
1964,1,4,133
1964,1,11,171
1964,1,18,216
1964,1,25,157
1964,2,1,229
1964,2,8,255
1964,2,15,212
1964,2,22,266
1964,2,29,309
1964,3,7,354
1964,3,14,340
1964,3,21,424
1964,3,28,372
1964,4,4,408
1964,4,11,442
1964,4,18,561
1964,4,25,428
1964,5,2,713
1964,5,9,586
1964,5,16,514
1964,5,23,563
1964,5,30,449
1964,6,6,523
1964,6,13,359
1964,6,20,486
1964,6,27,414
1964,7,4,334
1964,7,11,115
1964,7,18,64
1964,7,25,61
1964,8,1,26
1964,8,8,22
1964,8,15,16
1964,8,22,13
1964,8,29,30
1964,9,5,10
1964,9,12,21
1964,9,19,22
1964,9,26,24
1964,10,3,23
1964,10,10,16
1964,10,17,22
1964,10,24,31
1964,10,31,47
1964,11,7,45
1964,11,14,42
1964,11,21,63
1964,11,28,75
1964,12,5,72
1964,12,12,81
1964,12,19,55
1964,12,26,62
1965,1,2,47
1965,1,9,106
1965,1,16,69
1965,1,23,105
1965,1,30,146
1965,2,6,345
1965,2,13,144
1965,2,20,221
1965,2,27,205
1965,3,6,667
1965,3,13,323
1965,3,20,219
1965,3,27,351
1965,4,3,1209
1965,4,10,322
1965,4,17,302
1965,4,24,155
1965,5,1,297
1965,5,8,758
1965,5,15,290
1965,5,22,255
1965,5,29,341
1965,6,5,692
1965,6,12,308
1965,6,19,212
1965,6,26,104
1965,7,3,352
1965,7,10,88
1965,7,17,36
1965,7,24,30
1965,7,31,16
1965,8,7,23
1965,8,14,21
1965,8,21,11
1965,8,28,9
1965,9,4,11
1965,9,11,29
1965,9,18,21
1965,9,25,34
1965,10,2,51
1965,10,9,22
1965,10,16,16
1965,10,23,15
1965,10,30,29
1965,11,6,29
1965,11,13,36
1965,11,20,29
1965,11,27,50
1965,12,4,53
1965,12,11,46
1965,12,18,45
1965,12,25,67
1966,1,1,51
1966,1,8,104
1966,1,15,98
1966,1,22,98
1966,1,29,166
1966,2,5,130
1966,2,12,256
1966,2,19,210
1966,2,26,220
1966,3,5,158
1966,3,12,369
1966,3,19,160
1966,3,26,364
1966,4,2,201
1966,4,9,268
1966,4,16,203
1966,4,23,216
1966,4,30,367
1966,5,7,294
1966,5,14,336
1966,5,21,241
1966,5,28,290
1966,6,4,359
1966,6,11,383
1966,6,18,207
1966,6,25,252
1966,7,2,165
1966,7,9,106
1966,7,16,42
1966,7,23,19
1966,7,30,31
1966,8,6,12
1966,8,13,19
1966,8,20,7
1966,8,27,17
1966,9,3,20
1966,9,10,6
1966,9,17,23
1966,9,24,12
1966,10,1,23
1966,10,8,27
1966,10,15,19
1966,10,22,23
1966,10,29,34
1966,11,5,24
1966,11,12,54
1966,11,19,21
1966,11,26,42
1966,12,3,55
1966,12,10,37
1966,12,17,61
1966,12,24,112
1966,12,31,24
1967,1,7,98
1967,1,14,75
1967,1,21,95
1967,1,28,69
1967,2,4,245
1967,2,11,58
1967,2,18,77
1967,2,25,70
1967,3,4,180
1967,3,11,145
1967,3,18,92
1967,3,25,74
1967,4,1,124
1967,4,8,82
1967,4,15,68
1967,4,22,113
1967,4,29,124
1967,5,6,190
1967,5,13,161
1967,5,20,153
1967,5,27,109
1967,6,3,113
1967,6,10,254
1967,6,17,154
1967,6,24,120
1967,7,1,111
1967,7,8,90
1967,7,15,53
1967,7,22,13
1967,7,29,13
1967,8,5,23
1967,8,12,16
1967,8,19,4
1967,8,26,7
1967,9,2,4
1967,9,9,6
1967,9,16,24
1967,9,23,18
1967,9,30,13
1967,10,7,13
1967,10,14,31
1967,10,21,11
1967,10,28,28
1967,11,4,22
1967,11,11,29
1967,11,18,24
1967,11,25,17
1967,12,2,20
1967,12,9,54
1967,12,16,23
1967,12,23,13
1967,12,30,40
1968,1,6,38
1968,1,13,47
1968,1,20,46
1968,1,27,52
1968,2,3,121
1968,2,10,57
1968,2,17,107
1968,2,24,85
1968,3,2,100
1968,3,9,199
1968,3,16,91
1968,3,23,113
1968,3,30,60
1968,4,6,180
1968,4,13,118
1968,4,20,247
1968,4,27,145
1968,5,4,197
1968,5,11,114
1968,5,18,156
1968,5,25,168
1968,6,1,274
1968,6,8,192
1968,6,15,150
1968,6,22,144
1968,6,29,223
1968,7,6,98
1968,7,13,33
1968,7,20,64
1968,7,27,30
1968,8,3,13
1968,8,10,6
1968,8,17,37
1968,8,24,40
1968,8,31,9
1968,9,7,7
1968,9,14,8
1968,9,21,18
1968,9,28,16
1968,10,5,34
1968,10,12,9
1968,10,19,9
1968,10,26,18
1968,11,2,36
1968,11,9,12
1968,11,16,48
1968,11,23,68
1968,11,30,57
1968,12,7,35
1968,12,14,70
1968,12,21,52
1968,12,28,43
1969,1,4,21
1969,1,11,33
1969,1,18,53
1969,1,25,44
1969,2,1,82
1969,2,8,163
1969,2,15,94
1969,2,22,105
1969,3,1,122
1969,3,8,126
1969,3,15,126
1969,3,22,63
1969,3,29,113
1969,4,5,315
1969,4,12,237
1969,4,19,188
1969,4,26,234
1969,5,3,124
1969,5,10,476
1969,5,17,236
1969,5,24,215
1969,5,31,243
1969,6,7,303
1969,6,14,288
1969,6,21,205
1969,6,28,179
1969,7,5,283
1969,7,12,114
1969,7,19,111
1969,7,26,25
1969,8,2,29
1969,8,9,11
1969,8,16,13
1969,8,23,12
1969,8,30,8
1969,9,6,14
1969,9,13,18
1969,9,20,11
1969,9,27,13
1969,10,4,11
1969,10,11,11
1969,10,18,22
1969,10,25,15
1969,11,1,49
1969,11,8,28
1969,11,15,60
1969,11,22,25
1969,11,29,40
1969,12,6,40
1969,12,13,79
1969,12,20,64
1969,12,27,62
1970,1,3,
1970,1,10,
1970,1,17,
1970,1,24,
1970,1,31,
1970,2,7,
1970,2,14,
1970,2,21,
1970,2,28,
1970,3,7,
1970,3,14,
1970,3,21,
1970,3,28
1970,4,4
1970,4,11
1970,4,18
1970,4,25
1970,5,2
1970,5,9
1970,5,16
1970,5,23
1970,5,30
1970,6,6
1970,6,13
1970,6,20
1970,6,27
1970,7,4
1970,7,11
1970,7,18
1970,7,25
1970,8,1
1970,8,8
1970,8,15
1970,8,22
1970,8,29
1970,9,5
1970,9,12
1970,9,19
1970,9,26
1970,10,3
1970,10,10
1970,10,17
1970,10,24
1970,10,31
1970,11,7,
1970,11,14,
1970,11,21,
1970,11,28,
1970,12,5,
1970,12,12,
1970,12,19,
1970,12,26,
1971,1,9,31
1971,1,16,38
1971,1,23,41
1971,1,30,35
1971,2,6,21
1971,2,13,25
1971,2,20,52
1971,2,27,20
1971,3,6,91
1971,3,13,69
1971,3,20,59
1971,3,27,20
1971,4,3,77
1971,4,10,27
1971,4,17,67
1971,4,24,76
1971,5,1,38
1971,5,8,51
1971,5,15,18
1971,5,22,63
1971,5,29,38
1971,6,5,35
1971,6,12,36
1971,6,19,27
1971,6,26,18
1971,7,3,111
1971,7,10,66
1971,7,17,14
1971,7,24,6
1971,7,31,16
1971,8,7,7
1971,8,14,6
1971,8,21,7
1971,8,28,4
1971,9,4,1
1971,9,11,9
1971,9,18,7
1971,9,25,11
1971,10,2,10
1971,10,9,12
1971,10,16,13
1971,10,23,10
1971,10,30,17
1971,11,6,18
1971,11,13,10
1971,11,20,14
1971,11,27,4
1971,12,4,23
1971,12,11,14
1971,12,18,11
1971,12,25,8
1972,1,1,9
1972,1,8,8
1972,1,15,21
1972,1,22,17
1972,1,29,10
1972,2,5,21
1972,2,12,19
1972,2,19,25
1972,2,26,16
1972,3,4,31
1972,3,11,16
1972,3,18,7
1972,3,25,9
1972,4,1,12
1972,4,8,14
1972,4,15,25
1972,4,22,20
1972,4,29,24
1972,5,6,28
1972,5,13,19
1972,5,20,19
1972,5,27,13
1972,6,3,16
1972,6,10,21
1972,6,17,12
1972,6,24,14
1972,7,1,6
1972,7,8,13
1972,7,15,7
1972,7,22,7
1972,7,29,11
1972,8,5,13
1972,8,12,2
1972,8,19,2
1972,8,26,6
1972,9,2,9
1972,9,9,11
1972,9,16,3
1972,9,23,5
1972,9,30,12
1972,10,7,7
1972,10,14,3
1972,10,21,14
1972,10,28,4
1972,11,4,5
1972,11,11,11
1972,11,18,10
1972,11,25,16
1972,12,2,19
1972,12,9,14
1972,12,16,6
1972,12,23,3
1972,12,30,19
1973,1,6,10
1973,1,13,10
1973,1,20,13
1973,1,27,13
1973,2,3,76
1973,2,10,11
1973,2,17,11
1973,2,24,12
1973,3,3,5
1973,3,10,13
1973,3,17,13
1973,3,24,11
1973,3,31,10
1973,4,7,13
1973,4,14,19
1973,4,21,17
1973,4,28,25
1973,5,5,20
1973,5,12,18
1973,5,19,20
1973,5,26,6
1973,6,2,14
1973,6,9,15
1973,6,16,14
1973,6,23,20
1973,6,30,10
1973,7,7,19
1973,7,14,11
1973,7,21,7
1973,7,28,3
1973,8,4,9
1973,8,11,5
1973,8,18,5
1973,8,25,6
1973,9,1,8
1973,9,8,5
1973,9,15,13
1973,9,22,7
1973,9,29,2
1973,10,6,7
1973,10,13,14
1973,10,20,11
1973,10,27,12
1973,11,3,13
1973,11,10,12
1973,11,17,13
1973,11,24,7
1973,12,1,13
1973,12,8,20
1973,12,15,1
1973,12,22,8
1973,12,29,14
1974,1,5,15
1974,1,12,22
1974,1,19,21
1974,1,26,28
1974,2,2,26
1974,2,9,27
1974,2,16,47
1974,2,23,20
1974,3,2,20
1974,3,9,97
1974,3,16,44
1974,3,23,45
1974,3,30,63
1974,4,6,70
1974,4,13,113
1974,4,20,31
1974,4,27,222
1974,5,4,117
1974,5,11,168
1974,5,18,187
1974,5,25,80
1974,6,1,122
1974,6,8,158
1974,6,15,157
1974,6,22,107
1974,6,29,88
1974,7,6,31
1974,7,13,115
1974,7,20,14
1974,7,27,11
1974,8,3,11
1974,8,10,6
1974,8,17,10
1974,8,24,8
1974,8,31,5
1974,9,7,10
1974,9,14,5
1974,9,21,11
1974,9,28,11
1974,10,5,17
1974,10,12,14
1974,10,19,27
1974,10,26,10
1974,11,2,25
1974,11,9,24
1974,11,16,21
1974,11,23,17
1974,11,30,26
1974,12,7,26
1974,12,14,18
1974,12,21,
1974,12,28,32
1975,1,4,20
1975,1,11,27
1975,1,18,28
1975,1,25,59
1975,2,1,45
1975,2,8,34
1975,2,15,76
1975,2,22,63
1975,3,1,100
1975,3,8,686
1975,3,15,79
1975,3,22,107
1975,3,29,67
1975,4,5,110
1975,4,12,55
1975,4,19,300
1975,4,26,91
1975,5,3,480
1975,5,10,187
1975,5,17,61
1975,5,24,95
1975,5,31,41
1975,6,7,215
1975,6,14,71
1975,6,21,29
1975,6,28,18
1975,7,5,29
1975,7,12,10
1975,7,19,6
1975,7,26,10
1975,8,2,2
1975,8,9,12
1975,8,16,11
1975,8,23,6
1975,8,30,1
1975,9,6,7
1975,9,13,9
1975,9,20,16
1975,9,27,4
1975,10,4,17
1975,10,11,17
1975,10,18,4
1975,10,25,7
1975,11,1,13
1975,11,8,8
1975,11,15,16
1975,11,22,18
1975,11,29,12
1975,12,6,22
1975,12,13,20
1975,12,20,31
1975,12,27,19
1976,1,3,12
1976,1,10,76
1976,1,17,56
1976,1,24,41
1976,1,31,103
1976,2,7,84
1976,2,14,81
1976,2,21,52
1976,2,28,103
1976,3,6,59
1976,3,13,126
1976,3,20,27
1976,3,27,55
1976,4,3,41
1976,4,10,77
1976,4,17,86
1976,4,24,102
1976,5,1,92
1976,5,8,90
1976,5,15,57
1976,5,22,36
1976,5,29,46
1976,6,5,63
1976,6,12,72
1976,6,19,109
1976,6,26,11
1976,7,3,41
1976,7,10,38
1976,7,17,9
1976,7,24,10
1976,7,31,8
1976,8,7,4
1976,8,14,8
1976,8,21,5
1976,8,28,7
1976,9,4,4
1976,9,11,8
1976,9,18,8
1976,9,25,5
1976,10,2,5
1976,10,9,11
1976,10,16,15
1976,10,23,9
1976,10,30,10
1976,11,6,13
1976,11,13,13
1976,11,20,5
1976,11,27,15
1976,12,4,5
1976,12,11,21
1976,12,18,14
1976,12,25,5
1977,1,1,21
1977,1,8,15
1977,1,15,7
1977,1,22,20
1977,1,29,28
1977,2,5,55
1977,2,12,12
1977,2,19,15
1977,2,26,27
1977,3,5,27
1977,3,12,27
1977,3,19,24
1977,3,26,16
1977,4,2,29
1977,4,9,26
1977,4,16,26
1977,4,23,33
1977,4,30,52
1977,5,7,29
1977,5,14,33
1977,5,21,19
1977,5,28,42
1977,6,4,26
1977,6,11,28
1977,6,18,28
1977,6,25,15
1977,7,2,26
1977,7,9,15
1977,7,16,6
1977,7,23,7
1977,7,30,12
1977,8,6,2
1977,8,13,5
1977,8,20,10
1977,8,27,16
1977,9,3,3
1977,9,10,6
1977,9,17,2
1977,9,24,1
1977,10,1,8
1977,10,8,1
1977,10,15,4
1977,10,22,14
1977,10,29,8
1977,11,5,10
1977,11,12,17
1977,11,19,5
1977,11,26,10
1977,12,3,14
1977,12,10,14
1977,12,17,35
1977,12,24,1
1977,12,31,7
1978,1,7,8
1978,1,14,20
1978,1,21,52
1978,1,28,6
1978,2,4,8
1978,2,11,57
1978,2,18,15
1978,2,25,12
1978,3,4,34
1978,3,11,27
1978,3,18,20
1978,3,25,20
1978,4,1,23
1978,4,8,57
1978,4,15,44
1978,4,22,59
1978,4,29,43
1978,5,6,108
1978,5,13,34
1978,5,20,47
1978,5,27,59
1978,6,3,53
1978,6,10,56
1978,6,17,55
1978,6,24,22
1978,7,1,17
1978,7,8,20
1978,7,15,18
1978,7,22,9
1978,7,29,1
1978,8,5,14
1978,8,12,9
1978,8,19,13
1978,8,26,13
1978,9,2,24
1978,9,9,13
1978,9,16,13
1978,9,23,8
1978,9,30,12
1978,10,7,21
1978,10,14,1
1978,10,21,9
1978,10,28,11
1978,11,4,16
1978,11,11,11
1978,11,18,12
1978,11,25,17
1978,12,2,14
1978,12,9,30
1978,12,16,18
1978,12,23,10
1978,12,30,12
1979,1,6,11
1979,1,13,17
1979,1,20,36
1979,1,27,16
1979,2,3,14
1979,2,10,41
1979,2,17,47
1979,2,24,35
1979,3,3,28
1979,3,10,56
1979,3,17,71
1979,3,24,60
1979,3,31,108
1979,4,7,44
1979,4,14,73
1979,4,21,85
1979,4,28,51
1979,5,5,84
1979,5,12,81
1979,5,19,58
1979,5,26,98
1979,6,2,126
1979,6,9,75
1979,6,16,48
1979,6,23,65
1979,6,30,90
1979,7,7,28
1979,7,14,15
1979,7,21,19
1979,7,28,18
1979,8,4,1
1979,8,11,5
1979,8,18,2
1979,8,25,11
1979,9,1,2
1979,9,8,1
1979,9,15,2
1979,9,22,7
1979,9,29,14
1979,10,6,12
1979,10,13,13
1979,10,20,14
1979,10,27,5
1979,11,3,16
1979,11,10,15
1979,11,17,8
1979,11,24,17
1979,12,1,16
1979,12,8,18
1979,12,15,14
1979,12,22,15
1979,12,29,12
1980,1,5,9
1980,1,12,32
1980,1,19,23
1980,1,26,32
1980,2,2,22
1980,2,9,40
1980,2,16,33
1980,2,23,46
1980,3,1,35
1980,3,8,53
1980,3,15,16
1980,3,22,15
1980,3,29,24
1980,4,5,30
1980,4,12,92
1980,4,19,41
1980,4,26,40
1980,5,3,52
1980,5,10,64
1980,5,17,29
1980,5,24,26
1980,5,31,52
1980,6,7,41
1980,6,14,53
1980,6,21,20
1980,6,28,17
1980,7,5,24
1980,7,12,19
1980,7,19,8
1980,7,26,2
1980,8,2,7
1980,8,9,10
1980,8,16,8
1980,8,23,3
1980,8,30,5
1980,9,6,2
1980,9,13,1
1980,9,20,7
1980,9,27,3
1980,10,4,5
1980,10,11,12
1980,10,18,8
1980,10,25,18
1980,11,1,6
1980,11,8,17
1980,11,15,15
1980,11,22,16
1980,11,29,12
1980,12,6,14
1980,12,13,8
1980,12,20,
1980,12,27,8
1981,1,3,17
1981,1,10,5
1981,1,17,8
1981,1,24,15
1981,1,31,7
1981,2,7,29
1981,2,14,20
1981,2,21,20
1981,2,28,24
1981,3,7,25
1981,3,14,15
1981,3,21,19
1981,3,28,9
1981,4,4,13
1981,4,11,24
1981,4,18,8
1981,4,25,8
1981,5,2,19
1981,5,9,30
1981,5,16,9
1981,5,23,27
1981,5,30,18
1981,6,6,14
1981,6,13,10
1981,6,20,4
1981,6,27,2
1981,7,4,6
1981,7,11,1
1981,7,18,8
1981,7,25,2
1981,8,1,
1981,8,8,2
1981,8,15,2
1981,8,22,
1981,8,29,3
1981,9,5,2
1981,9,12,
1981,9,19,3
1981,9,26,4
1981,10,3,
1981,10,10,3
1981,10,17,5
1981,10,24,1
1981,10,31,4
1981,11,7,5
1981,11,14,11
1981,11,21,8
1981,11,28,7
1981,12,5,5
1981,12,12,3
1981,12,19,
1981,12,26,10
1982,1,2,2
1982,1,9,8
1982,1,16,4
1982,1,23,11
1982,1,30,5
1982,2,6,13
1982,2,13,6
1982,2,20,9
1982,2,27,11
1982,3,6,7
1982,3,13,15
1982,3,20,3
1982,3,27,15
1982,4,3,6
1982,4,10,16
1982,4,17,10
1982,4,24,14
1982,5,1,62
1982,5,8,44
1982,5,15,35
1982,5,22,18
1982,5,29,18
1982,6,5,14
1982,6,12,16
1982,6,19,15
1982,6,26,6
1982,7,3,21
1982,7,10,8
1982,7,17,9
1982,7,24,4
1982,7,31,4
1982,8,7,16
1982,8,14,2
1982,8,21,0
1982,8,28,2
1982,9,4,7
1982,9,11,2
1982,9,18,3
1982,9,25,7
1982,10,2,5
1982,10,9,5
1982,10,16,10
1982,10,23,5
1982,10,30,4
1982,11,6,5
1982,11,13,18
1982,11,20,2
1982,11,27,16
1982,12,4,7
1982,12,11,2
1982,12,18,6
1982,12,25,6
1983,1,1,10
1983,1,8,4
1983,1,15,3
1983,1,22,8
1983,1,29,11
1983,2,5,1
1983,2,12,35
1983,2,19,14
1983,2,26,7
1983,3,5,7
1983,3,12,15
1983,3,19,18
1983,3,26,10
1983,4,2,20
1983,4,9,21
1983,4,16,20
1983,4,23,12
1983,4,30,26
1983,5,7,30
1983,5,14,24
1983,5,21,22
1983,5,28,83
1983,6,4,13
1983,6,11,559
1983,6,18,10
1983,6,25,21
1983,7,2,5
1983,7,9,15
1983,7,16,2
1983,7,23,15
1983,7,30,3
1983,8,6,18
1983,8,13,5
1983,8,20,5
1983,8,27,5
1983,9,3,1
1983,9,10,4
1983,9,17,5
1983,9,24,2
1983,10,1,6
1983,10,8,4
1983,10,15,4
1983,10,22,8
1983,10,29,11
1983,11,5,3
1983,11,12,9
1983,11,19,6
1983,11,26,6
1983,12,3,1
1983,12,10,?
1983,12,17,?
1983,12,24,5
1983,12,31,4
1984,1,7,13
1984,1,14,4
1984,1,21,6
1984,1,28,6
1984,2,4,4
1984,2,11,8
1984,2,18,8
1984,2,25,4
1984,3,3,4
1984,3,10,18
1984,3,17,7
1984,3,24,7
1984,3,31,7
1984,4,7,6
1984,4,14,6
1984,4,21,10
1984,4,28,8
1984,5,5,8
1984,5,12,13
1984,5,19,6
1984,5,26,9
1984,6,2,21
1984,6,9,7
1984,6,16,11
1984,6,23,4
1984,6,30,3
1984,7,7,7
1984,7,14,2
1984,7,21,3
1984,7,28,5
1984,8,4,1
1984,8,11,2
1984,8,18,4
1984,8,25,2
1984,9,1,2
1984,9,8,5
1984,9,15,2
1984,9,22,4
1984,9,29,1
1984,10,6,
1984,10,13,3
1984,10,20,5
1984,10,27,1
1984,11,3,6
1984,11,10,6
1984,11,17,6
1984,11,24,13
1984,12,1,6
1984,12,8,7
1984,12,15,8
1984,12,22,6
1984,12,29,1
1985,1,5,3
1985,1,12,6
1985,1,19,4
1985,1,26,5
1985,2,2,8
1985,2,9,5
1985,2,16,11
1985,2,23,11
1985,3,2,6
1985,3,9,7
1985,3,16,7
1985,3,23,12
1985,3,30,19
1985,4,6,9
1985,4,13,23
1985,4,20,9
1985,4,27,14
1985,5,4,14
1985,5,11,10
1985,5,18,13
1985,5,25,15
1985,6,1,4
1985,6,8,12
1985,6,15,15
1985,6,22,12
1985,6,29,6
1985,7,6,10
1985,7,13,4
1985,7,20,3
1985,7,27,10
1985,8,3,3
1985,8,10,3
1985,8,17,2
1985,8,24,3
1985,8,31,2
1985,9,7,5
1985,9,14,2
1985,9,21,5
1985,9,28,3
1985,10,5,4
1985,10,12,2
1985,10,19,10
1985,10,26,4
1985,11,2,4
1985,11,9,7
1985,11,16,4
1985,11,23,5
1985,11,30,13
1985,12,7,3
1985,12,14,5
1985,12,21,8
1985,12,28,2
1986,1,4,6
1986,1,11,4
1986,1,18,5
1986,1,25,2
1986,2,1,7
1986,2,8,14
1986,2,15,5
1986,2,22,7
1986,3,1,8
1986,3,8,2
1986,3,15,6
1986,3,22,7
1986,3,29,3
1986,4,5,7
1986,4,12,10
1986,4,19,4
1986,4,26,4
1986,5,3,2
1986,5,10,7
1986,5,17,12
1986,5,24,8
1986,5,31,5
1986,6,7,5
1986,6,14,8
1986,6,21,13
1986,6,28,2
1986,7,5,10
1986,7,12,3
1986,7,19,3
1986,7,26,2
1986,8,2,
1986,8,9,1
1986,8,16,
1986,8,23,
1986,8,30,3
1986,9,6,2
1986,9,13,1
1986,9,20,4
1986,9,27,3
1986,10,4,4
1986,10,11,1
1986,10,18,6
1986,10,25,1
1986,11,1,1
1986,11,8,11
1986,11,15,7
1986,11,22,9
1986,11,29,6
1986,12,6,3
1986,12,13,7
1986,12,20,2
1986,12,27,1
1987,1,3,3
1987,1,10,12
1987,1,17,5
1987,1,24,6
1987,1,31,6
1987,2,7,7
1987,2,14,10
1987,2,21,7
1987,2,28,11
1987,3,7,11
1987,3,14,6
1987,3,21,6
1987,3,28,2
1987,4,4,1
1987,4,11,
1987,4,18,7
1987,4,25,3
1987,5,2,7
1987,5,9,6
1987,5,16,15
1987,5,23,8
1987,5,30,5
1987,6,6,9
1987,6,13,10
1987,6,20,3
1987,6,27,12
1987,7,4,6
1987,7,11,5
1987,7,18,5
1987,7,25,4
1987,8,1,2
1987,8,8,4
1987,8,15,1
1987,8,22,2
1987,8,29,4
1987,9,5,1
1987,9,12,4
1987,9,19,
1987,9,26,1
1987,10,3,4
1987,10,10,1
1987,10,17,4
1987,10,24,3
1987,10,31,5
1987,11,7,3
1987,11,14,4
1987,11,21,3
1987,11,28,3
1987,12,5,2
1987,12,12,6
1987,12,19,3
1987,12,26,2
1988,1,2,3
1988,1,9,3
1988,1,16,
1988,1,23,7
1988,1,30,1
1988,2,6,1
1988,2,13,4
1988,2,20,6
1988,2,27,1
1988,3,5,4
1988,3,12,2
1988,3,19,14
1988,3,26,
1988,4,2,7
1988,4,9,3
1988,4,16,4
1988,4,23,5
1988,4,30,3
1988,5,7,7
1988,5,14,
1988,5,21,1
1988,5,28,2
1988,6,4,3
1988,6,11,1
1988,6,18,1
1988,6,25,2
1988,7,2,4
1988,7,9,1
1988,7,16,2
1988,7,23,1
1988,7,30,1
1988,8,6,2
1988,8,13,1
1988,8,20,1
1988,8,27,2
1988,9,3,4
1988,9,10,
1988,9,17,4
1988,9,24,2
1988,10,1,
1988,10,8,
1988,10,15,2
1988,10,22,7
1988,10,29,6
1988,11,5,3
1988,11,12,2
1988,11,19,
1988,11,26,3
1988,12,3,
1988,12,10,5
1988,12,17,1
1988,12,24,
1988,12,31,
1989,1,7,2
1989,1,14,3
1989,1,21,
1989,1,28,2
1989,2,4,
1989,2,11,2
1989,2,18,1
1989,2,25,5
1989,3,4,4
1989,3,11,2
1989,3,18,4
1989,3,25,2
1989,4,1,3
1989,4,8,7
1989,4,15,6
1989,4,22,3
1989,4,29,
1989,5,6,5
1989,5,13,11
1989,5,20,9
1989,5,27,6
1989,6,3,5
1989,6,10,4
1989,6,17,7
1989,6,24,8
1989,7,1,7
1989,7,8,6
1989,7,15,6
1989,7,22,3
1989,7,29,
1989,8,5,8
1989,8,12,1
1989,8,19,3
1989,8,26,2
1989,9,2,
1989,9,9,2
1989,9,16,
1989,9,23,3
1989,9,30,
1989,10,7,2
1989,10,14,5
1989,10,21,2
1989,10,28,2
1989,11,4,
1989,11,11,1
1989,11,18,
1989,11,25,1
1989,12,2,2
1989,12,9,7
1989,12,16,
1989,12,23,4
1989,12,30,2
