# Weekly cases of measles in London England; 1944-94,,,
# This worksheet was created from the original file measles.cases; which apparently has the same information as ewcit.dat,,,
# Source: data provided by Benjamin Bolker; Princeton University,,,
# This data file is available online from the International Infectious Disease Data Archive (IIDDA) at http://iidda.mcmaster.ca,,,
# Please acknowledge IIDDA in any publication or presentation in which data downloaded from IIDDA are used.,,,
# The first publication that made use of this data file was: D. J. D. Earn; P. Rohani; B. M. Bolker; B. T. Grenfell (2000) 'A simple model for complex dynamical transitions in epidemics' Science 287(5453): 667-670,,,
# See the IIDDA website for a list of all papers that have used this data file.,,,
year,month,day,cases
1944,1,7,82
1944,1,14,98
1944,1,21,118
1944,1,28,153
1944,2,4,206
1944,2,11,217
1944,2,18,226
1944,2,25,239
1944,3,3,279
1944,3,10,244
1944,3,17,286
1944,3,24,363
1944,3,31,300
1944,4,7,324
1944,4,14,273
1944,4,21,283
1944,4,28,207
1944,5,5,213
1944,5,12,210
1944,5,19,213
1944,5,26,217
1944,6,2,271
1944,6,9,242
1944,6,16,199
1944,6,23,139
1944,6,30,129
1944,7,7,130
1944,7,14,130
1944,7,21,90
1944,7,28,73
1944,8,4,47
1944,8,11,36
1944,8,18,39
1944,8,25,21
1944,9,1,27
1944,9,8,14
1944,9,15,29
1944,9,22,19
1944,9,29,27
1944,10,6,38
1944,10,13,28
1944,10,20,54
1944,10,27,65
1944,11,3,80
1944,11,10,57
1944,11,17,65
1944,11,24,110
1944,12,1,84
1944,12,8,123
1944,12,15,114
1944,12,22,163
1944,12,31,155
1945,1,7,240
1945,1,14,210
1945,1,21,290
1945,1,28,381
1945,2,4,573
1945,2,11,814
1945,2,18,640
1945,2,25,977
1945,3,4,986
1945,3,11,1072
1945,3,18,1498
1945,3,25,1601
1945,4,1,1652
1945,4,8,1688
1945,4,15,1651
1945,4,22,1314
1945,4,29,1058
1945,5,6,815
1945,5,13,822
1945,5,20,819
1945,5,27,614
1945,6,3,508
1945,6,10,472
1945,6,17,412
1945,6,24,342
1945,7,1,249
1945,7,8,220
1945,7,15,207
1945,7,22,153
1945,7,29,129
1945,8,5,113
1945,8,12,61
1945,8,19,66
1945,8,26,61
1945,9,2,48
1945,9,9,36
1945,9,16,46
1945,9,23,51
1945,9,30,35
1945,10,7,33
1945,10,14,48
1945,10,21,40
1945,10,28,47
1945,11,4,32
1945,11,11,23
1945,11,18,35
1945,11,25,42
1945,12,2,43
1945,12,9,33
1945,12,16,42
1945,12,23,52
1945,12,31,69
1946,1,7,88
1946,1,14,86
1946,1,21,109
1946,1,28,100
1946,2,4,221
1946,2,11,237
1946,2,18,353
1946,2,25,389
1946,3,4,372
1946,3,11,557
1946,3,18,430
1946,3,25,597
1946,4,1,675
1946,4,8,736
1946,4,15,950
1946,4,22,935
1946,4,29,1054
1946,5,6,1056
1946,5,13,928
1946,5,20,836
1946,5,27,1034
1946,6,3,967
1946,6,10,1073
1946,6,17,1081
1946,6,24,977
1946,7,1,866
1946,7,8,797
1946,7,15,630
1946,7,22,492
1946,7,29,478
1946,8,5,376
1946,8,12,350
1946,8,19,255
1946,8,26,161
1946,9,2,125
1946,9,9,93
1946,9,16,78
1946,9,23,82
1946,9,30,69
1946,10,7,91
1946,10,14,72
1946,10,21,116
1946,10,28,105
1946,11,4,119
1946,11,11,157
1946,11,18,141
1946,11,25,215
1946,12,2,221
1946,12,9,239
1946,12,16,243
1946,12,23,239
1946,12,31,229
1947,1,6,359
1947,1,13,291
1947,1,20,378
1947,1,27,418
1947,2,3,482
1947,2,10,583
1947,2,17,597
1947,2,24,644
1947,3,2,656
1947,3,9,574
1947,3,16,499
1947,3,23,513
1947,3,30,541
1947,4,6,440
1947,4,13,525
1947,4,20,490
1947,4,27,408
1947,5,3,363
1947,5,10,499
1947,5,17,532
1947,5,24,548
1947,5,31,545
1947,6,7,681
1947,6,14,515
1947,6,21,637
1947,6,28,439
1947,7,4,556
1947,7,11,473
1947,7,18,455
1947,7,25,373
1947,8,1,366
1947,8,8,303
1947,8,15,229
1947,8,22,143
1947,8,29,110
1947,9,4,61
1947,9,11,36
1947,9,18,48
1947,9,25,39
1947,10,2,32
1947,10,9,50
1947,10,16,63
1947,10,23,41
1947,10,30,67
1947,11,5,72
1947,11,12,116
1947,11,19,120
1947,11,26,121
1947,12,3,149
1947,12,10,156
1947,12,17,133
1947,12,24,115
1947,12,31,251
1948,1,7,226
1948,1,14,240
1948,1,21,284
1948,1,28,340
1948,2,4,511
1948,2,11,649
1948,2,18,766
1948,2,25,932
1948,3,3,1303
1948,3,10,1257
1948,3,17,1716
1948,3,24,1425
1948,3,31,1719
1948,4,7,1809
1948,4,14,1360
1948,4,21,1147
1948,4,28,1101
1948,5,5,936
1948,5,12,1040
1948,5,19,994
1948,5,26,1134
1948,6,2,818
1948,6,9,1083
1948,6,16,755
1948,6,23,880
1948,6,30,680
1948,7,7,585
1948,7,14,602
1948,7,21,552
1948,7,28,457
1948,8,4,430
1948,8,11,287
1948,8,18,189
1948,8,25,149
1948,9,1,120
1948,9,8,88
1948,9,15,83
1948,9,22,91
1948,9,29,94
1948,10,6,79
1948,10,13,78
1948,10,20,86
1948,10,27,119
1948,11,3,123
1948,11,10,108
1948,11,17,135
1948,11,24,127
1948,12,1,157
1948,12,8,176
1948,12,15,180
1948,12,22,110
1948,12,31,294
1949,1,7,318
1949,1,14,320
1949,1,21,357
1949,1,28,487
1949,2,4,496
1949,2,11,809
1949,2,18,777
1949,2,25,831
1949,3,4,1081
1949,3,11,1034
1949,3,18,1231
1949,3,25,1274
1949,4,1,1487
1949,4,8,1753
1949,4,15,1635
1949,4,22,1699
1949,4,29,1541
1949,5,6,1170
1949,5,13,1108
1949,5,20,1105
1949,5,27,953
1949,6,3,1083
1949,6,10,801
1949,6,17,908
1949,6,24,613
1949,7,1,714
1949,7,8,523
1949,7,15,490
1949,7,22,379
1949,7,29,303
1949,8,5,273
1949,8,12,223
1949,8,19,158
1949,8,26,120
1949,9,2,92
1949,9,9,66
1949,9,16,42
1949,9,23,50
1949,9,30,40
1949,10,7,28
1949,10,14,44
1949,10,21,33
1949,10,28,63
1949,11,4,33
1949,11,11,28
1949,11,18,23
1949,11,25,28
1949,12,2,31
1949,12,9,26
1949,12,16,34
1949,12,23,32
1949,12,31,47
1950,1,7,43
1950,1,14,54
1950,1,21,36
1950,1,28,24
1950,2,4,42
1950,2,11,38
1950,2,18,71
1950,2,25,45
1950,3,4,75
1950,3,11,60
1950,3,18,54
1950,3,25,98
1950,4,1,118
1950,4,8,91
1950,4,15,171
1950,4,22,174
1950,4,29,203
1950,5,6,141
1950,5,13,262
1950,5,20,366
1950,5,27,463
1950,6,3,478
1950,6,10,613
1950,6,17,529
1950,6,24,645
1950,7,1,626
1950,7,8,649
1950,7,15,647
1950,7,22,601
1950,7,29,580
1950,8,5,664
1950,8,12,474
1950,8,19,362
1950,8,26,316
1950,9,2,199
1950,9,9,162
1950,9,16,146
1950,9,23,201
1950,9,30,217
1950,10,7,289
1950,10,14,303
1950,10,21,366
1950,10,28,471
1950,11,4,512
1950,11,11,544
1950,11,18,766
1950,11,25,827
1950,12,2,1210
1950,12,9,1236
1950,12,16,1534
1950,12,23,1556
1950,12,31,1922
1951,1,7,2753
1951,1,14,2425
1951,1,21,2185
1951,1,28,2210
1951,2,4,2368
1951,2,11,2929
1951,2,18,3178
1951,2,25,3746
1951,3,4,3315
1951,3,11,3501
1951,3,18,3136
1951,3,25,2518
1951,4,1,2360
1951,4,8,2083
1951,4,15,1610
1951,4,22,1211
1951,4,29,1017
1951,5,6,871
1951,5,13,881
1951,5,20,701
1951,5,27,748
1951,6,3,540
1951,6,10,420
1951,6,17,426
1951,6,24,335
1951,7,1,230
1951,7,8,226
1951,7,15,187
1951,7,22,155
1951,7,29,114
1951,8,5,93
1951,8,12,69
1951,8,19,58
1951,8,26,51
1951,9,2,68
1951,9,9,50
1951,9,16,35
1951,9,23,41
1951,9,30,18
1951,10,7,22
1951,10,14,32
1951,10,21,71
1951,10,28,53
1951,11,4,65
1951,11,11,50
1951,11,18,47
1951,11,25,22
1951,12,2,28
1951,12,9,30
1951,12,16,16
1951,12,23,28
1951,12,31,19
1952,1,6,46
1952,1,13,33
1952,1,20,44
1952,1,27,41
1952,2,3,50
1952,2,10,65
1952,2,17,103
1952,2,24,123
1952,3,1,153
1952,3,8,218
1952,3,15,256
1952,3,22,201
1952,3,29,270
1952,4,5,231
1952,4,12,210
1952,4,19,294
1952,4,26,275
1952,5,2,222
1952,5,9,240
1952,5,16,320
1952,5,23,330
1952,5,30,519
1952,6,6,553
1952,6,13,745
1952,6,20,639
1952,6,27,714
1952,7,3,605
1952,7,10,791
1952,7,17,730
1952,7,24,844
1952,7,31,944
1952,8,7,926
1952,8,14,751
1952,8,21,573
1952,8,28,412
1952,9,3,280
1952,9,10,240
1952,9,17,272
1952,9,24,354
1952,10,1,554
1952,10,8,682
1952,10,15,964
1952,10,22,1094
1952,10,29,1252
1952,11,4,989
1952,11,11,1208
1952,11,18,1129
1952,11,25,1560
1952,12,2,1488
1952,12,9,1404
1952,12,16,1797
1952,12,23,996
1952,12,31,2705
1953,1,7,1905
1953,1,14,1777
1953,1,21,1421
1953,1,28,1470
1953,2,4,1661
1953,2,11,1507
1953,2,18,1832
1953,2,25,1624
1953,3,4,1621
1953,3,11,1371
1953,3,18,1439
1953,3,25,1133
1953,4,1,953
1953,4,8,1032
1953,4,15,835
1953,4,22,629
1953,4,29,419
1953,5,6,369
1953,5,13,305
1953,5,20,345
1953,5,27,269
1953,6,3,297
1953,6,10,207
1953,6,17,291
1953,6,24,173
1953,7,1,145
1953,7,8,110
1953,7,15,107
1953,7,22,65
1953,7,29,80
1953,8,5,50
1953,8,12,67
1953,8,19,29
1953,8,26,20
1953,9,2,27
1953,9,9,19
1953,9,16,16
1953,9,23,13
1953,9,30,9
1953,10,7,13
1953,10,14,13
1953,10,21,19
1953,10,28,12
1953,11,4,31
1953,11,11,24
1953,11,18,15
1953,11,25,20
1953,12,2,12
1953,12,9,17
1953,12,16,12
1953,12,23,1
1953,12,31,9
1954,1,7,13
1954,1,14,18
1954,1,21,12
1954,1,28,11
1954,2,4,19
1954,2,11,16
1954,2,18,29
1954,2,25,33
1954,3,4,33
1954,3,11,41
1954,3,18,57
1954,3,25,32
1954,4,1,45
1954,4,8,67
1954,4,15,67
1954,4,22,93
1954,4,29,72
1954,5,6,71
1954,5,13,58
1954,5,20,61
1954,5,27,42
1954,6,3,68
1954,6,10,83
1954,6,17,93
1954,6,24,81
1954,7,1,94
1954,7,8,121
1954,7,15,191
1954,7,22,169
1954,7,29,147
1954,8,5,126
1954,8,12,123
1954,8,19,105
1954,8,26,81
1954,9,2,63
1954,9,9,57
1954,9,16,87
1954,9,23,80
1954,9,30,125
1954,10,7,159
1954,10,14,185
1954,10,21,204
1954,10,28,254
1954,11,4,285
1954,11,11,209
1954,11,18,262
1954,11,25,273
1954,12,2,390
1954,12,9,473
1954,12,16,548
1954,12,23,550
1954,12,31,988
1955,1,7,1004
1955,1,14,791
1955,1,21,656
1955,1,28,1137
1955,2,4,1295
1955,2,11,1945
1955,2,18,2402
1955,2,25,2694
1955,3,4,3412
1955,3,11,2626
1955,3,18,3685
1955,3,25,3337
1955,4,1,4103
1955,4,8,3089
1955,4,15,3291
1955,4,22,2614
1955,4,29,1789
1955,5,6,1236
1955,5,13,1063
1955,5,20,962
1955,5,27,923
1955,6,3,792
1955,6,10,932
1955,6,17,496
1955,6,24,506
1955,7,1,342
1955,7,8,380
1955,7,15,272
1955,7,22,192
1955,7,29,166
1955,8,5,130
1955,8,12,124
1955,8,19,82
1955,8,26,76
1955,9,2,58
1955,9,9,38
1955,9,16,22
1955,9,23,24
1955,9,30,32
1955,10,7,29
1955,10,14,41
1955,10,21,33
1955,10,28,33
1955,11,4,28
1955,11,11,36
1955,11,18,30
1955,11,25,29
1955,12,2,22
1955,12,9,20
1955,12,16,13
1955,12,23,15
1955,12,31,22
1956,1,7,26
1956,1,14,26
1956,1,21,20
1956,1,28,22
1956,2,4,26
1956,2,11,51
1956,2,18,61
1956,2,25,49
1956,3,3,76
1956,3,10,54
1956,3,17,56
1956,3,24,66
1956,3,31,76
1956,4,7,75
1956,4,14,114
1956,4,21,83
1956,4,28,80
1956,5,5,94
1956,5,12,166
1956,5,19,206
1956,5,26,249
1956,6,2,316
1956,6,9,317
1956,6,16,282
1956,6,23,280
1956,6,30,374
1956,7,7,305
1956,7,14,329
1956,7,21,287
1956,7,28,363
1956,8,4,258
1956,8,11,225
1956,8,18,245
1956,8,25,186
1956,9,1,172
1956,9,8,104
1956,9,15,98
1956,9,22,85
1956,9,29,100
1956,10,6,140
1956,10,13,146
1956,10,20,190
1956,10,27,195
1956,11,3,193
1956,11,10,232
1956,11,17,220
1956,11,24,314
1956,12,1,266
1956,12,8,390
1956,12,15,397
1956,12,22,397
1956,12,31,438
1957,1,7,798
1957,1,14,674
1957,1,21,680
1957,1,28,682
1957,2,4,971
1957,2,11,1353
1957,2,18,1508
1957,2,25,1945
1957,3,4,1876
1957,3,11,2225
1957,3,18,1832
1957,3,25,2034
1957,4,1,1724
1957,4,8,2007
1957,4,15,2016
1957,4,22,1767
1957,4,29,1780
1957,5,6,1640
1957,5,13,1169
1957,5,20,869
1957,5,27,1071
1957,6,3,893
1957,6,10,964
1957,6,17,856
1957,6,24,752
1957,7,1,584
1957,7,8,427
1957,7,15,344
1957,7,22,255
1957,7,29,219
1957,8,5,216
1957,8,12,162
1957,8,19,148
1957,8,26,90
1957,9,2,60
1957,9,9,53
1957,9,16,28
1957,9,23,28
1957,9,30,20
1957,10,7,23
1957,10,14,24
1957,10,21,27
1957,10,28,23
1957,11,4,23
1957,11,11,30
1957,11,18,36
1957,11,25,31
1957,12,2,37
1957,12,9,44
1957,12,16,40
1957,12,23,35
1957,12,31,23
1958,1,6,27
1958,1,13,39
1958,1,20,18
1958,1,27,39
1958,2,3,56
1958,2,10,64
1958,2,17,89
1958,2,24,153
1958,3,2,110
1958,3,9,210
1958,3,16,140
1958,3,23,232
1958,3,30,165
1958,4,6,250
1958,4,13,281
1958,4,20,444
1958,4,27,294
1958,5,3,283
1958,5,10,349
1958,5,17,436
1958,5,24,596
1958,5,31,549
1958,6,7,592
1958,6,14,457
1958,6,21,515
1958,6,28,475
1958,7,4,483
1958,7,11,537
1958,7,18,568
1958,7,25,508
1958,8,1,461
1958,8,8,318
1958,8,15,283
1958,8,22,221
1958,8,29,199
1958,9,4,118
1958,9,11,94
1958,9,18,100
1958,9,25,120
1958,10,2,122
1958,10,9,164
1958,10,16,198
1958,10,23,243
1958,10,30,300
1958,11,5,307
1958,11,12,326
1958,11,19,387
1958,11,26,398
1958,12,3,561
1958,12,10,633
1958,12,17,666
1958,12,24,617
1958,12,31,1466
1959,1,7,1068
1959,1,14,1001
1959,1,21,983
1959,1,28,1302
1959,2,4,1438
1959,2,11,1400
1959,2,18,1561
1959,2,25,1419
1959,3,4,1360
1959,3,11,1485
1959,3,18,1262
1959,3,25,1360
1959,4,1,1388
1959,4,8,1376
1959,4,15,972
1959,4,22,695
1959,4,29,675
1959,5,6,638
1959,5,13,719
1959,5,20,673
1959,5,27,687
1959,6,3,572
1959,6,10,585
1959,6,17,405
1959,6,24,404
1959,7,1,342
1959,7,8,310
1959,7,15,197
1959,7,22,180
1959,7,29,133
1959,8,5,117
1959,8,12,113
1959,8,19,90
1959,8,26,68
1959,9,2,43
1959,9,9,32
1959,9,16,29
1959,9,23,20
1959,9,30,26
1959,10,7,36
1959,10,14,25
1959,10,21,26
1959,10,28,15
1959,11,4,22
1959,11,11,19
1959,11,18,16
1959,11,25,19
1959,12,2,26
1959,12,9,16
1959,12,16,23
1959,12,23,18
1959,12,31,19
1960,1,7,17
1960,1,14,17
1960,1,21,16
1960,1,28,29
1960,2,4,44
1960,2,11,34
1960,2,18,47
1960,2,25,60
1960,3,3,95
1960,3,10,90
1960,3,17,100
1960,3,24,83
1960,3,31,86
1960,4,7,70
1960,4,14,81
1960,4,21,96
1960,4,28,112
1960,5,5,106
1960,5,12,93
1960,5,19,88
1960,5,26,99
1960,6,2,137
1960,6,9,146
1960,6,16,122
1960,6,23,134
1960,6,30,134
1960,7,7,101
1960,7,14,107
1960,7,21,163
1960,7,28,139
1960,8,4,147
1960,8,11,133
1960,8,18,114
1960,8,25,80
1960,9,1,61
1960,9,8,46
1960,9,15,54
1960,9,22,48
1960,9,29,86
1960,10,6,112
1960,10,13,173
1960,10,20,183
1960,10,27,261
1960,11,3,288
1960,11,10,301
1960,11,17,302
1960,11,24,400
1960,12,1,400
1960,12,8,499
1960,12,15,621
1960,12,22,726
1960,12,31,910
1961,1,7,1390
1961,1,14,1310
1961,1,21,1087
1961,1,28,1552
1961,2,4,2008
1961,2,11,2797
1961,2,18,3204
1961,2,25,3339
1961,3,4,3403
1961,3,11,2986
1961,3,18,3032
1961,3,25,2513
1961,4,1,2517
1961,4,8,2857
1961,4,15,2391
1961,4,22,1881
1961,4,29,1330
1961,5,6,992
1961,5,13,937
1961,5,20,873
1961,5,27,727
1961,6,3,682
1961,6,10,597
1961,6,17,440
1961,6,24,420
1961,7,1,347
1961,7,8,304
1961,7,15,210
1961,7,22,185
1961,7,29,190
1961,8,5,145
1961,8,12,120
1961,8,19,92
1961,8,26,107
1961,9,2,72
1961,9,9,49
1961,9,16,47
1961,9,23,39
1961,9,30,36
1961,10,7,40
1961,10,14,44
1961,10,21,45
1961,10,28,36
1961,11,4,51
1961,11,11,40
1961,11,18,33
1961,11,25,40
1961,12,2,30
1961,12,9,39
1961,12,16,20
1961,12,23,19
1961,12,31,26
1962,1,7,24
1962,1,14,30
1962,1,21,28
1962,1,28,33
1962,2,4,45
1962,2,11,48
1962,2,18,44
1962,2,25,77
1962,3,4,59
1962,3,11,83
1962,3,18,91
1962,3,25,112
1962,4,1,146
1962,4,8,109
1962,4,15,142
1962,4,22,131
1962,4,29,118
1962,5,6,109
1962,5,13,131
1962,5,20,85
1962,5,27,66
1962,6,3,66
1962,6,10,54
1962,6,17,68
1962,6,24,73
1962,7,1,65
1962,7,8,75
1962,7,15,68
1962,7,22,128
1962,7,29,137
1962,8,5,130
1962,8,12,112
1962,8,19,117
1962,8,26,91
1962,9,2,94
1962,9,9,83
1962,9,16,71
1962,9,23,57
1962,9,30,113
1962,10,7,166
1962,10,14,194
1962,10,21,186
1962,10,28,271
1962,11,4,317
1962,11,11,425
1962,11,18,345
1962,11,25,467
1962,12,2,558
1962,12,9,692
1962,12,16,868
1962,12,23,848
1962,12,31,633
1963,1,7,1370
1963,1,14,1103
1963,1,21,820
1963,1,28,877
1963,2,4,901
1963,2,11,1190
1963,2,18,1050
1963,2,25,1250
1963,3,4,1121
1963,3,11,1090
1963,3,18,983
1963,3,25,1016
1963,4,1,1199
1963,4,8,1287
1963,4,15,1175
1963,4,22,1450
1963,4,29,1332
1963,5,6,1102
1963,5,13,756
1963,5,20,713
1963,5,27,672
1963,6,3,775
1963,6,10,663
1963,6,17,862
1963,6,24,588
1963,7,1,571
1963,7,8,477
1963,7,15,471
1963,7,22,457
1963,7,29,503
1963,8,5,338
1963,8,12,231
1963,8,19,183
1963,8,26,175
1963,9,2,77
1963,9,9,74
1963,9,16,43
1963,9,23,45
1963,9,30,48
1963,10,7,37
1963,10,14,38
1963,10,21,27
1963,10,28,43
1963,11,4,38
1963,11,11,56
1963,11,18,48
1963,11,25,36
1963,12,2,54
1963,12,9,49
1963,12,16,29
1963,12,23,39
1963,12,31,16
1964,1,6,39
1964,1,13,37
1964,1,20,38
1964,1,27,39
1964,2,3,56
1964,2,10,79
1964,2,17,70
1964,2,24,65
1964,3,1,74
1964,3,8,86
1964,3,15,105
1964,3,22,143
1964,3,29,148
1964,4,5,143
1964,4,12,121
1964,4,19,125
1964,4,26,100
1964,5,2,110
1964,5,9,147
1964,5,16,179
1964,5,23,175
1964,5,30,239
1964,6,6,229
1964,6,13,256
1964,6,20,235
1964,6,27,330
1964,7,3,327
1964,7,10,375
1964,7,17,318
1964,7,24,423
1964,7,31,512
1964,8,7,408
1964,8,14,347
1964,8,21,260
1964,8,28,187
1964,9,3,180
1964,9,10,149
1964,9,17,160
1964,9,24,132
1964,10,1,132
1964,10,8,194
1964,10,15,238
1964,10,22,247
1964,10,29,299
1964,11,4,316
1964,11,11,469
1964,11,18,539
1964,11,25,563
1964,12,2,679
1964,12,9,695
1964,12,16,810
1964,12,23,666
1964,12,31,1157
1965,1,7,1172
1965,1,14,1042
1965,1,21,959
1965,1,28,1071
1965,2,4,1375
1965,2,11,1819
1965,2,18,1745
1965,2,25,1848
1965,3,4,1900
1965,3,11,1444
1965,3,18,1540
1965,3,25,1089
1965,4,1,3946
1965,4,8,3152
1965,4,15,2358
1965,4,22,2431
1965,4,29,2337
1965,5,6,1708
1965,5,13,1382
1965,5,20,1101
1965,5,27,991
1965,6,3,959
1965,6,10,773
1965,6,17,855
1965,6,24,710
1965,7,1,629
1965,7,8,529
1965,7,15,494
1965,7,22,417
1965,7,29,398
1965,8,5,424
1965,8,12,288
1965,8,19,249
1965,8,26,183
1965,9,2,136
1965,9,9,120
1965,9,16,113
1965,9,23,99
1965,9,30,101
1965,10,7,141
1965,10,14,135
1965,10,21,164
1965,10,28,170
1965,11,4,261
1965,11,11,184
1965,11,18,153
1965,11,25,133
1965,12,2,151
1965,12,9,185
1965,12,16,140
1965,12,23,185
1965,12,31,228
1966,1,7,242
1966,1,14,269
1966,1,21,205
1966,1,28,249
1966,2,4,383
1966,2,11,388
1966,2,18,397
1966,2,25,427
1966,3,4,376
1966,3,11,477
1966,3,18,392
1966,3,25,418
1966,4,1,533
1966,4,8,387
1966,4,15,510
1966,4,22,605
1966,4,29,525
1966,5,6,459
1966,5,13,429
1966,5,20,456
1966,5,27,621
1966,6,3,479
1966,6,10,752
1966,6,17,609
1966,6,24,714
1966,7,1,717
1966,7,8,839
1966,7,15,781
1966,7,22,812
1966,7,29,855
1966,8,5,978
1966,8,12,965
1966,8,19,828
1966,8,26,600
1966,9,2,403
1966,9,9,401
1966,9,16,327
1966,9,23,340
1966,9,30,344
1966,10,7,449
1966,10,14,694
1966,10,21,889
1966,10,28,1031
1966,11,4,1058
1966,11,11,1238
1966,11,18,1343
1966,11,25,1727
1966,12,2,2177
1966,12,9,2498
1966,12,16,2527
1966,12,23,2861
1966,12,31,3361
1967,1,7,5105
1967,1,14,3994
1967,1,21,3563
1967,1,28,3357
1967,2,4,4402
1967,2,11,4967
1967,2,18,5245
1967,2,25,5464
1967,3,4,4933
1967,3,11,4084
1967,3,18,3871
1967,3,25,2730
1967,4,1,3295
1967,4,8,3034
1967,4,15,2023
1967,4,22,1512
1967,4,29,1175
1967,5,6,1087
1967,5,13,912
1967,5,20,937
1967,5,27,887
1967,6,3,622
1967,6,10,652
1967,6,17,511
1967,6,24,419
1967,7,1,342
1967,7,8,388
1967,7,15,359
1967,7,22,281
1967,7,29,198
1967,8,5,291
1967,8,12,190
1967,8,19,185
1967,8,26,110
1967,9,2,78
1967,9,9,75
1967,9,16,70
1967,9,23,49
1967,9,30,79
1967,10,7,53
1967,10,14,72
1967,10,21,67
1967,10,28,77
1967,11,4,77
1967,11,11,51
1967,11,18,51
1967,11,25,47
1967,12,2,48
1967,12,9,51
1967,12,16,40
1967,12,23,31
1967,12,31,22
1968,1,6,47
1968,1,13,35
1968,1,20,32
1968,1,27,38
1968,2,3,39
1968,2,10,51
1968,2,17,60
1968,2,24,48
1968,3,1,50
1968,3,8,71
1968,3,15,95
1968,3,22,113
1968,3,29,118
1968,4,5,138
1968,4,12,132
1968,4,19,107
1968,4,26,172
1968,5,2,150
1968,5,9,162
1968,5,16,155
1968,5,23,221
1968,5,30,292
1968,6,6,260
1968,6,13,333
1968,6,20,325
1968,6,27,317
1968,7,3,317
1968,7,10,396
1968,7,17,413
1968,7,24,387
1968,7,31,498
1968,8,7,456
1968,8,14,428
1968,8,21,320
1968,8,28,245
1968,9,3,214
1968,9,10,172
1968,9,17,171
1968,9,24,149
1968,10,1,206
1968,10,8,272
1968,10,15,297
1968,10,22,400
1968,10,29,453
1968,11,4,516
1968,11,11,584
1968,11,18,549
1968,11,25,564
1968,12,2,830
1968,12,9,747
1968,12,16,859
1968,12,23,497
1968,12,31,1396
1969,1,7,1267
1969,1,14,968
1969,1,21,830
1969,1,28,729
1969,2,4,1234
1969,2,11,1168
1969,2,18,1217
1969,2,25,1229
1969,3,4,1174
1969,3,11,1197
1969,3,18,1157
1969,3,25,1173
1969,4,1,895
1969,4,8,1021
1969,4,15,1138
1969,4,22,985
1969,4,29,845
1969,5,6,808
1969,5,13,857
1969,5,20,904
1969,5,27,784
1969,6,3,915
1969,6,10,756
1969,6,17,729
1969,6,24,606
1969,7,1,621
1969,7,8,611
1969,7,15,513
1969,7,22,496
1969,7,29,428
1969,8,5,365
1969,8,12,270
1969,8,19,219
1969,8,26,139
1969,9,2,101
1969,9,9,99
1969,9,16,106
1969,9,23,97
1969,9,30,93
1969,10,7,85
1969,10,14,109
1969,10,21,125
1969,10,28,98
1969,11,4,118
1969,11,11,112
1969,11,18,88
1969,11,25,96
1969,12,2,100
1969,12,9,100
1969,12,16,134
1969,12,23,78
1969,12,31,189
1970,1,7,156
1970,1,14,113
1970,1,21,180
1970,1,28,207
1970,2,4,251
1970,2,11,292
1970,2,18,299
1970,2,25,367
1970,3,4,305
1970,3,11,286
1970,3,18,303
1970,3,25,309
1970,4,1,361
1970,4,8,441
1970,4,15,352
1970,4,22,317
1970,4,29,271
1970,5,6,340
1970,5,13,334
1970,5,20,482
1970,5,27,553
1970,6,3,701
1970,6,10,676
1970,6,17,684
1970,6,24,637
1970,7,1,743
1970,7,8,767
1970,7,15,922
1970,7,22,959
1970,7,29,891
1970,8,5,988
1970,8,12,887
1970,8,19,792
1970,8,26,551
1970,9,2,358
1970,9,9,417
1970,9,16,301
1970,9,23,318
1970,9,30,373
1970,10,7,496
1970,10,14,529
1970,10,21,726
1970,10,28,566
1970,11,4,684
1970,11,11,761
1970,11,18,699
1970,11,25,741
1970,12,2,1019
1970,12,9,892
1970,12,16,1009
1970,12,23,869
1970,12,31,1202
1971,1,7,1091
1971,1,14,838
1971,1,21,454
1971,1,28,219
1971,2,4,346
1971,2,11,597
1971,2,18,609
1971,2,25,671
1971,3,4,796
1971,3,11,1250
1971,3,18,1403
1971,3,25,1016
1971,4,1,922
1971,4,8,558
1971,4,15,704
1971,4,22,781
1971,4,29,674
1971,5,6,478
1971,5,13,312
1971,5,20,430
1971,5,27,365
1971,6,3,304
1971,6,10,379
1971,6,17,362
1971,6,24,399
1971,7,1,419
1971,7,8,344
1971,7,15,350
1971,7,22,248
1971,7,29,265
1971,8,5,248
1971,8,12,176
1971,8,19,138
1971,8,26,109
1971,9,2,80
1971,9,9,92
1971,9,16,59
1971,9,23,53
1971,9,30,35
1971,10,7,32
1971,10,14,50
1971,10,21,49
1971,10,28,78
1971,11,4,62
1971,11,11,99
1971,11,18,64
1971,11,25,94
1971,12,2,94
1971,12,9,125
1971,12,16,122
1971,12,23,139
1971,12,31,120
1972,1,7,152
1972,1,14,112
1972,1,21,83
1972,1,28,87
1972,2,4,98
1972,2,11,113
1972,2,18,133
1972,2,25,157
1972,3,3,186
1972,3,10,216
1972,3,17,191
1972,3,24,203
1972,3,31,192
1972,4,7,173
1972,4,14,213
1972,4,21,189
1972,4,28,154
1972,5,5,142
1972,5,12,195
1972,5,19,179
1972,5,26,197
1972,6,2,192
1972,6,9,266
1972,6,16,249
1972,6,23,271
1972,6,30,255
1972,7,7,328
1972,7,14,369
1972,7,21,400
1972,7,28,361
1972,8,4,376
1972,8,11,343
1972,8,18,262
1972,8,25,147
1972,9,1,121
1972,9,8,129
1972,9,15,111
1972,9,22,92
1972,9,29,92
1972,10,6,130
1972,10,13,183
1972,10,20,207
1972,10,27,263
1972,11,3,298
1972,11,10,315
1972,11,17,334
1972,11,24,264
1972,12,1,332
1972,12,8,331
1972,12,15,318
1972,12,22,404
1972,12,31,262
1973,1,7,636
1973,1,14,573
1973,1,21,388
1973,1,28,392
1973,2,4,440
1973,2,11,577
1973,2,18,627
1973,2,25,711
1973,3,4,819
1973,3,11,782
1973,3,18,939
1973,3,25,1051
1973,4,1,967
1973,4,8,1063
1973,4,15,889
1973,4,22,823
1973,4,29,935
1973,5,6,862
1973,5,13,621
1973,5,20,508
1973,5,27,681
1973,6,3,560
1973,6,10,705
1973,6,17,555
1973,6,24,557
1973,7,1,509
1973,7,8,577
1973,7,15,447
1973,7,22,479
1973,7,29,396
1973,8,5,432
1973,8,12,427
1973,8,19,329
1973,8,26,213
1973,9,2,153
1973,9,9,123
1973,9,16,96
1973,9,23,67
1973,9,30,88
1973,10,7,93
1973,10,14,111
1973,10,21,109
1973,10,28,102
1973,11,4,132
1973,11,11,76
1973,11,18,155
1973,11,25,132
1973,12,2,115
1973,12,9,120
1973,12,16,118
1973,12,23,149
1973,12,31,76
1974,1,6,135
1974,1,13,140
1974,1,20,129
1974,1,27,117
1974,2,3,118
1974,2,10,131
1974,2,17,221
1974,2,24,233
1974,3,2,230
1974,3,9,247
1974,3,16,213
1974,3,23,291
1974,3,30,287
1974,4,6,269
1974,4,13,238
1974,4,20,249
1974,4,27,250
1974,5,3,263
1974,5,10,162
1974,5,17,164
1974,5,24,233
1974,5,31,180
1974,6,7,236
1974,6,14,209
1974,6,21,208
1974,6,28,201
1974,7,4,258
1974,7,11,213
1974,7,18,241
1974,7,25,240
1974,8,1,202
1974,8,8,153
1974,8,15,145
1974,8,22,103
1974,8,29,48
1974,9,4,72
1974,9,11,42
1974,9,18,53
1974,9,25,71
1974,10,2,94
1974,10,9,88
1974,10,16,106
1974,10,23,131
1974,10,30,140
1974,11,5,185
1974,11,12,127
1974,11,19,144
1974,11,26,117
1974,12,3,185
1974,12,10,154
1974,12,17,175
1974,12,24,111
1974,12,31,260
1975,1,7,348
1975,1,14,232
1975,1,21,258
1975,1,28,256
1975,2,4,310
1975,2,11,311
1975,2,18,419
1975,2,25,475
1975,3,4,397
1975,3,11,399
1975,3,18,514
1975,3,25,537
1975,4,1,372
1975,4,8,592
1975,4,15,468
1975,4,22,416
1975,4,29,357
1975,5,6,425
1975,5,13,561
1975,5,20,529
1975,5,27,593
1975,6,3,778
1975,6,10,617
1975,6,17,539
1975,6,24,555
1975,7,1,524
1975,7,8,563
1975,7,15,503
1975,7,22,477
1975,7,29,437
1975,8,5,380
1975,8,12,306
1975,8,19,194
1975,8,26,118
1975,9,2,109
1975,9,9,107
1975,9,16,56
1975,9,23,94
1975,9,30,75
1975,10,7,114
1975,10,14,95
1975,10,21,112
1975,10,28,106
1975,11,4,136
1975,11,11,115
1975,11,18,96
1975,11,25,88
1975,12,2,80
1975,12,9,111
1975,12,16,71
1975,12,23,52
1975,12,31,87
1976,1,7,124
1976,1,14,116
1976,1,21,59
1976,1,28,105
1976,2,4,89
1976,2,11,100
1976,2,18,134
1976,2,25,100
1976,3,3,102
1976,3,10,118
1976,3,17,130
1976,3,24,122
1976,3,31,135
1976,4,7,157
1976,4,14,158
1976,4,21,182
1976,4,28,212
1976,5,5,155
1976,5,12,196
1976,5,19,209
1976,5,26,197
1976,6,2,230
1976,6,9,182
1976,6,16,210
1976,6,23,164
1976,6,30,134
1976,7,7,133
1976,7,14,157
1976,7,21,78
1976,7,28,96
1976,8,4,75
1976,8,11,81
1976,8,18,52
1976,8,25,40
1976,9,1,31
1976,9,8,21
1976,9,15,24
1976,9,22,24
1976,9,29,35
1976,10,6,62
1976,10,13,50
1976,10,20,41
1976,10,27,48
1976,11,3,50
1976,11,10,37
1976,11,17,40
1976,11,24,51
1976,12,1,43
1976,12,8,81
1976,12,15,78
1976,12,22,133
1976,12,31,59
1977,1,7,106
1977,1,14,112
1977,1,21,76
1977,1,28,109
1977,2,4,145
1977,2,11,119
1977,2,18,163
1977,2,25,178
1977,3,4,233
1977,3,11,239
1977,3,18,277
1977,3,25,281
1977,4,1,338
1977,4,8,244
1977,4,15,318
1977,4,22,535
1977,4,29,379
1977,5,6,389
1977,5,13,357
1977,5,20,546
1977,5,27,514
1977,6,3,519
1977,6,10,382
1977,6,17,536
1977,6,24,621
1977,7,1,568
1977,7,8,777
1977,7,15,821
1977,7,22,729
1977,7,29,708
1977,8,5,748
1977,8,12,660
1977,8,19,488
1977,8,26,396
1977,9,2,253
1977,9,9,251
1977,9,16,161
1977,9,23,108
1977,9,30,152
1977,10,7,135
1977,10,14,182
1977,10,21,192
1977,10,28,245
1977,11,4,218
1977,11,11,232
1977,11,18,239
1977,11,25,250
1977,12,2,231
1977,12,9,281
1977,12,16,297
1977,12,23,360
1977,12,31,337
1978,1,7,405
1978,1,14,487
1978,1,21,372
1978,1,28,402
1978,2,4,342
1978,2,11,427
1978,2,18,402
1978,2,25,426
1978,3,4,517
1978,3,11,473
1978,3,18,517
1978,3,25,434
1978,4,1,435
1978,4,8,602
1978,4,15,469
1978,4,22,388
1978,4,29,382
1978,5,6,370
1978,5,13,473
1978,5,20,565
1978,5,27,419
1978,6,3,390
1978,6,10,393
1978,6,17,375
1978,6,24,261
1978,7,1,324
1978,7,8,294
1978,7,15,350
1978,7,22,308
1978,7,29,311
1978,8,5,277
1978,8,12,305
1978,8,19,217
1978,8,26,213
1978,9,2,89
1978,9,9,117
1978,9,16,77
1978,9,23,63
1978,9,30,82
1978,10,7,60
1978,10,14,77
1978,10,21,77
1978,10,28,83
1978,11,4,117
1978,11,11,121
1978,11,18,72
1978,11,25,122
1978,12,2,93
1978,12,9,86
1978,12,16,96
1978,12,23,85
1978,12,31,62
1979,1,7,109
1979,1,14,122
1979,1,21,71
1979,1,28,83
1979,2,4,83
1979,2,11,107
1979,2,18,103
1979,2,25,107
1979,3,4,121
1979,3,11,102
1979,3,18,135
1979,3,25,80
1979,4,1,91
1979,4,8,127
1979,4,15,99
1979,4,22,124
1979,4,29,180
1979,5,6,169
1979,5,13,132
1979,5,20,177
1979,5,27,153
1979,6,3,115
1979,6,10,144
1979,6,17,197
1979,6,24,209
1979,7,1,202
1979,7,8,160
1979,7,15,171
1979,7,22,220
1979,7,29,234
1979,8,5,219
1979,8,12,247
1979,8,19,220
1979,8,26,137
1979,9,2,103
1979,9,9,98
1979,9,16,81
1979,9,23,101
1979,9,30,77
1979,10,7,107
1979,10,14,111
1979,10,21,110
1979,10,28,129
1979,11,4,121
1979,11,11,139
1979,11,18,139
1979,11,25,192
1979,12,2,115
1979,12,9,161
1979,12,16,195
1979,12,23,133
1979,12,31,90
1980,1,6,231
1980,1,13,337
1980,1,20,197
1980,1,27,204
1980,2,3,217
1980,2,10,288
1980,2,17,359
1980,2,24,475
1980,3,1,392
1980,3,8,497
1980,3,15,476
1980,3,22,573
1980,3,29,668
1980,4,5,488
1980,4,12,632
1980,4,19,628
1980,4,26,566
1980,5,2,501
1980,5,9,325
1980,5,16,547
1980,5,23,527
1980,5,30,518
1980,6,6,631
1980,6,13,461
1980,6,20,431
1980,6,27,407
1980,7,3,428
1980,7,10,404
1980,7,17,478
1980,7,24,452
1980,7,31,463
1980,8,7,410
1980,8,14,289
1980,8,21,202
1980,8,28,131
1980,9,3,103
1980,9,10,99
1980,9,17,82
1980,9,24,61
1980,10,1,89
1980,10,8,92
1980,10,15,90
1980,10,22,65
1980,10,29,87
1980,11,4,77
1980,11,11,74
1980,11,18,73
1980,11,25,68
1980,12,2,88
1980,12,9,45
1980,12,16,80
1980,12,23,32
1980,12,31,63
1981,1,7,108
1981,1,14,60
1981,1,21,46
1981,1,28,67
1981,2,4,54
1981,2,11,42
1981,2,18,68
1981,2,25,63
1981,3,4,65
1981,3,11,51
1981,3,18,61
1981,3,25,69
1981,4,1,66
1981,4,8,87
1981,4,15,48
1981,4,22,78
1981,4,29,65
1981,5,6,80
1981,5,13,83
1981,5,20,55
1981,5,27,86
1981,6,3,75
1981,6,10,93
1981,6,17,94
1981,6,24,68
1981,7,1,85
1981,7,8,103
1981,7,15,99
1981,7,22,123
1981,7,29,84
1981,8,5,127
1981,8,12,93
1981,8,19,88
1981,8,26,68
1981,9,2,54
1981,9,9,53
1981,9,16,31
1981,9,23,37
1981,9,30,33
1981,10,7,30
1981,10,14,47
1981,10,21,50
1981,10,28,41
1981,11,4,49
1981,11,11,56
1981,11,18,54
1981,11,25,66
1981,12,2,71
1981,12,9,57
1981,12,16,55
1981,12,23,58
1981,12,31,56
1982,1,7,120
1982,1,14,111
1982,1,21,117
1982,1,28,131
1982,2,4,156
1982,2,11,212
1982,2,18,238
1982,2,25,290
1982,3,4,312
1982,3,11,261
1982,3,18,309
1982,3,25,341
1982,4,1,370
1982,4,8,341
1982,4,15,441
1982,4,22,507
1982,4,29,506
1982,5,6,326
1982,5,13,405
1982,5,20,367
1982,5,27,395
1982,6,3,376
1982,6,10,393
1982,6,17,407
1982,6,24,273
1982,7,1,303
1982,7,8,323
1982,7,15,358
1982,7,22,355
1982,7,29,313
1982,8,5,251
1982,8,12,263
1982,8,19,202
1982,8,26,138
1982,9,2,97
1982,9,9,162
1982,9,16,85
1982,9,23,80
1982,9,30,85
1982,10,7,68
1982,10,14,54
1982,10,21,85
1982,10,28,104
1982,11,4,76
1982,11,11,59
1982,11,18,97
1982,11,25,94
1982,12,2,123
1982,12,9,113
1982,12,16,101
1982,12,23,125
1982,12,31,88
1983,1,7,175
1983,1,14,185
1983,1,21,153
1983,1,28,181
1983,2,4,196
1983,2,11,223
1983,2,18,210
1983,2,25,200
1983,3,4,272
1983,3,11,292
1983,3,18,249
1983,3,25,264
1983,4,1,223
1983,4,8,294
1983,4,15,365
1983,4,22,311
1983,4,29,250
1983,5,6,276
1983,5,13,333
1983,5,20,365
1983,5,27,287
1983,6,3,272
1983,6,10,403
1983,6,17,342
1983,6,24,284
1983,7,1,217
1983,7,8,215
1983,7,15,253
1983,7,22,299
1983,7,29,241
1983,8,5,154
1983,8,12,115
1983,8,19,113
1983,8,26,87
1983,9,2,56
1983,9,9,43
1983,9,16,40
1983,9,23,39
1983,9,30,49
1983,10,7,42
1983,10,14,30
1983,10,21,40
1983,10,28,33
1983,11,4,29
1983,11,11,39
1983,11,18,31
1983,11,25,40
1983,12,2,56
1983,12,9,51
1983,12,16,25
1983,12,23,45
1983,12,31,38
1984,1,7,94
1984,1,14,83
1984,1,21,50
1984,1,28,46
1984,2,4,68
1984,2,11,87
1984,2,18,84
1984,2,25,65
1984,3,3,74
1984,3,10,68
1984,3,17,86
1984,3,24,54
1984,3,31,81
1984,4,7,82
1984,4,14,68
1984,4,21,42
1984,4,28,47
1984,5,5,61
1984,5,12,39
1984,5,19,52
1984,5,26,99
1984,6,2,65
1984,6,9,109
1984,6,16,127
1984,6,23,106
1984,6,30,114
1984,7,7,152
1984,7,14,138
1984,7,21,154
1984,7,28,175
1984,8,4,176
1984,8,11,172
1984,8,18,130
1984,8,25,109
1984,9,1,61
1984,9,8,60
1984,9,15,55
1984,9,22,35
1984,9,29,51
1984,10,6,62
1984,10,13,89
1984,10,20,75
1984,10,27,51
1984,11,3,78
1984,11,10,116
1984,11,17,67
1984,11,24,73
1984,12,1,81
1984,12,8,94
1984,12,15,71
1984,12,22,71
1984,12,31,39
1985,1,7,128
1985,1,14,193
1985,1,21,120
1985,1,28,133
1985,2,4,151
1985,2,11,208
1985,2,18,211
1985,2,25,257
1985,3,4,276
1985,3,11,285
1985,3,18,252
1985,3,25,287
1985,4,1,316
1985,4,8,291
1985,4,15,318
1985,4,22,458
1985,4,29,354
1985,5,6,314
1985,5,13,280
1985,5,20,367
1985,5,27,445
1985,6,3,409
1985,6,10,506
1985,6,17,455
1985,6,24,367
1985,7,1,472
1985,7,8,514
1985,7,15,495
1985,7,22,500
1985,7,29,412
1985,8,5,415
1985,8,12,367
1985,8,19,355
1985,8,26,283
1985,9,2,155
1985,9,9,177
1985,9,16,125
1985,9,23,94
1985,9,30,103
1985,10,7,114
1985,10,14,118
1985,10,21,92
1985,10,28,121
1985,11,4,102
1985,11,11,105
1985,11,18,79
1985,11,25,76
1985,12,2,89
1985,12,9,56
1985,12,16,77
1985,12,23,87
1985,12,31,38
1986,1,6,144
1986,1,13,165
1986,1,20,103
1986,1,27,94
1986,2,3,91
1986,2,10,124
1986,2,17,132
1986,2,24,119
1986,3,2,137
1986,3,9,110
1986,3,16,145
1986,3,23,172
1986,3,30,163
1986,4,6,178
1986,4,13,209
1986,4,20,183
1986,4,27,153
1986,5,3,144
1986,5,10,131
1986,5,17,134
1986,5,24,178
1986,5,31,136
1986,6,7,139
1986,6,14,182
1986,6,21,120
1986,6,28,116
1986,7,4,114
1986,7,11,110
1986,7,18,109
1986,7,25,77
1986,8,1,86
1986,8,8,91
1986,8,15,64
1986,8,22,54
1986,8,29,31
1986,9,4,52
1986,9,11,43
1986,9,18,43
1986,9,25,36
1986,10,2,30
1986,10,9,45
1986,10,16,35
1986,10,23,50
1986,10,30,58
1986,11,5,63
1986,11,12,39
1986,11,19,53
1986,11,26,61
1986,12,3,56
1986,12,10,44
1986,12,17,48
1986,12,24,33
1986,12,31,35
1987,1,7,87
1987,1,14,76
1987,1,21,73
1987,1,28,74
1987,2,4,80
1987,2,11,73
1987,2,18,77
1987,2,25,81
1987,3,4,73
1987,3,11,81
1987,3,18,77
1987,3,25,96
1987,4,1,141
1987,4,8,116
1987,4,15,162
1987,4,22,108
1987,4,29,121
1987,5,6,67
1987,5,13,106
1987,5,20,70
1987,5,27,80
1987,6,3,128
1987,6,10,71
1987,6,17,109
1987,6,24,91
1987,7,1,103
1987,7,8,125
1987,7,15,86
1987,7,22,89
1987,7,29,83
1987,8,5,76
1987,8,12,91
1987,8,19,68
1987,8,26,41
1987,9,2,42
1987,9,9,43
1987,9,16,41
1987,9,23,55
1987,9,30,53
1987,10,7,44
1987,10,14,34
1987,10,21,45
1987,10,28,68
1987,11,4,52
1987,11,11,53
1987,11,18,77
1987,11,25,84
1987,12,2,82
1987,12,9,95
1987,12,16,132
1987,12,23,170
1987,12,31,207
1988,1,7,245
1988,1,14,142
1988,1,21,142
1988,1,28,154
1988,2,4,177
1988,2,11,253
1988,2,18,258
1988,2,25,237
1988,3,3,265
1988,3,10,266
1988,3,17,293
1988,3,24,334
1988,3,31,293
1988,4,7,296
1988,4,14,387
1988,4,21,307
1988,4,28,252
1988,5,5,186
1988,5,12,306
1988,5,19,271
1988,5,26,246
1988,6,2,222
1988,6,9,367
1988,6,16,306
1988,6,23,260
1988,6,30,273
1988,7,7,242
1988,7,14,277
1988,7,21,174
1988,7,28,181
1988,8,4,122
1988,8,11,116
1988,8,18,99
1988,8,25,73
1988,9,1,65
1988,9,8,34
1988,9,15,16
1988,9,22,50
1988,9,29,84
1988,10,6,83
1988,10,13,68
1988,10,20,58
1988,10,27,74
1988,11,3,57
1988,11,10,75
1988,11,17,48
1988,11,24,46
1988,12,1,42
1988,12,8,33
1988,12,15,25
1988,12,22,39
1988,12,31,23
1989,1,7,44
1989,1,14,47
1989,1,21,39
1989,1,28,49
1989,2,4,44
1989,2,11,57
1989,2,18,47
1989,2,25,66
1989,3,4,55
1989,3,11,71
1989,3,18,58
1989,3,25,55
1989,4,1,59
1989,4,8,70
1989,4,15,60
1989,4,22,56
1989,4,29,54
1989,5,6,48
1989,5,13,45
1989,5,20,56
1989,5,27,37
1989,6,3,40
1989,6,10,57
1989,6,17,31
1989,6,24,40
1989,7,1,53
1989,7,8,48
1989,7,15,39
1989,7,22,39
1989,7,29,44
1989,8,5,44
1989,8,12,21
1989,8,19,26
1989,8,26,29
1989,9,2,29
1989,9,9,20
1989,9,16,20
1989,9,23,20
1989,9,30,32
1989,10,7,24
1989,10,14,35
1989,10,21,24
1989,10,28,27
1989,11,4,40
1989,11,11,30
1989,11,18,41
1989,11,25,41
1989,12,2,48
1989,12,9,32
1989,12,16,26
1989,12,23,48
1989,12,31,18
1990,1,7,26
1990,1,14,28
1990,1,21,20
1990,1,28,23
1990,2,4,35
1990,2,11,25
1990,2,18,34
1990,2,25,40
1990,3,4,22
1990,3,11,22
1990,3,18,34
1990,3,25,48
1990,4,1,38
1990,4,8,41
1990,4,15,32
1990,4,22,19
1990,4,29,20
1990,5,6,24
1990,5,13,34
1990,5,20,20
1990,5,27,29
1990,6,3,26
1990,6,10,23
1990,6,17,36
1990,6,24,24
1990,7,1,30
1990,7,8,37
1990,7,15,37
1990,7,22,41
1990,7,29,29
1990,8,5,29
1990,8,12,30
1990,8,19,23
1990,8,26,8
1990,9,2,12
1990,9,9,20
1990,9,16,18
1990,9,23,8
1990,9,30,17
1990,10,7,26
1990,10,14,21
1990,10,21,27
1990,10,28,20
1990,11,4,20
1990,11,11,23
1990,11,18,19
1990,11,25,34
1990,12,2,25
1990,12,9,30
1990,12,16,17
1990,12,23,40
1990,12,31,7
1991,1,7,11
1991,1,14,22
1991,1,21,23
1991,1,28,13
1991,2,4,25
1991,2,10,22
1991,2,18,34
1991,2,25,21
1991,3,4,31
1991,3,11,26
1991,3,18,27
1991,3,25,27
1991,4,1,14
1991,4,8,16
1991,4,15,19
1991,4,22,17
1991,4,29,22
1991,5,6,21
1991,5,13,9
1991,5,20,16
1991,5,27,28
1991,6,3,23
1991,6,10,20
1991,6,17,31
1991,6,24,29
1991,7,1,19
1991,7,8,29
1991,7,15,32
1991,7,22,19
1991,7,29,22
1991,8,5,27
1991,8,12,28
1991,8,19,16
1991,8,26,20
1991,9,2,16
1991,9,9,26
1991,9,16,14
1991,9,23,16
1991,9,30,23
1991,10,7,12
1991,10,14,8
1991,10,21,23
1991,10,28,16
1991,11,4,8
1991,11,11,20
1991,11,18,18
1991,11,25,16
1991,12,2,9
1991,12,9,14
1991,12,16,17
1991,12,23,21
1991,12,31,11
1992,1,6,19
1992,1,13,24
1992,1,20,17
1992,1,27,26
1992,2,3,19
1992,2,10,11
1992,2,17,13
1992,2,24,21
1992,3,1,19
1992,3,8,19
1992,3,15,28
1992,3,22,26
1992,3,29,30
1992,4,5,28
1992,4,12,30
1992,4,19,28
1992,4,26,20
1992,5,2,19
1992,5,9,24
1992,5,16,20
1992,5,23,24
1992,5,30,17
1992,6,6,24
1992,6,13,17
1992,6,20,6
1992,6,27,25
1992,7,3,23
1992,7,10,19
1992,7,17,16
1992,7,24,24
1992,7,31,36
1992,8,7,26
1992,8,14,17
1992,8,21,6
1992,8,28,17
1992,9,3,17
1992,9,10,11
1992,9,17,16
1992,9,24,12
1992,10,1,19
1992,10,8,27
1992,10,15,15
1992,10,22,17
1992,10,29,29
1992,11,4,14
1992,11,11,13
1992,11,18,12
1992,11,25,15
1992,12,2,28
1992,12,9,14
1992,12,16,12
1992,12,23,9
1992,12,31,18
1993,1,7,23
1993,1,14,19
1993,1,21,28
1993,1,28,22
1993,2,4,25
1993,2,11,32
1993,2,18,18
1993,2,25,19
1993,3,4,33
1993,3,11,29
1993,3,18,43
1993,3,25,25
1993,4,1,36
1993,4,8,21
1993,4,15,23
1993,4,22,41
1993,4,29,31
1993,5,6,33
1993,5,13,23
1993,5,20,34
1993,5,27,33
1993,6,3,29
1993,6,10,23
1993,6,17,11
1993,6,24,11
1993,7,1,19
1993,7,8,15
1993,7,15,12
1993,7,22,15
1993,7,29,23
1993,8,5,9
1993,8,12,16
1993,8,19,26
1993,8,26,11
1993,9,2,8
1993,9,9,12
1993,9,16,13
1993,9,23,14
1993,9,30,17
1993,10,7,17
1993,10,14,24
1993,10,21,19
1993,10,28,20
1993,11,4,18
1993,11,11,17
1993,11,18,15
1993,11,25,16
1993,12,2,24
1993,12,9,18
1993,12,16,21
1993,12,23,19
1993,12,31,11
1994,1,7,25
1994,1,14,24
1994,1,21,25
1994,1,28,25
1994,2,4,23
1994,2,11,31
1994,2,18,37
1994,2,25,39
1994,3,4,39
1994,3,11,36
1994,3,18,50
1994,3,25,55
1994,4,1,33
1994,4,8,37
1994,4,15,54
1994,4,22,42
1994,4,29,39
1994,5,6,44
1994,5,13,51
1994,5,20,47
1994,5,27,40
1994,6,3,40
1994,6,10,43
1994,6,17,44
1994,6,24,45
1994,7,1,31
1994,7,8,31
1994,7,15,29
1994,7,22,29
1994,7,29,24
1994,8,5,40
1994,8,12,32
1994,8,19,27
1994,8,26,22
1994,9,2,16
1994,9,9,15
1994,9,16,12
1994,9,23,19
1994,9,30,20
1994,10,7,42
1994,10,14,59
1994,10,21,56
1994,10,28,41
1994,11,4,27
1994,11,11,37
1994,11,18,41
1994,11,25,39
1994,12,2,34
1994,12,9,27
1994,12,16,25
1994,12,23,22
1994,12,31,23
